id,first_name,last_name,email,gender,ip_address,dataofbirth
1,Carce,Sommerled,csommerled0@imdb.com,Male,185.176.50.79,9/13/2000
2,Brenden,Dorling,bdorling1@trellian.com,Male,232.163.251.36,7/7/1986
3,Ranna,Tanti,rtanti2@netscape.com,Female,25.47.117.91,11/20/1984
4,Betsy,Vearnals,bvearnals3@craigslist.org,Female,127.120.22.141,4/11/1991
5,Leupold,Pott,lpott4@sfgate.com,Male,211.13.65.220,12/6/1991
6,Allis,Davson,adavson5@marriott.com,Female,201.146.37.232,8/5/1996
7,Bonnibelle,Peplaw,bpeplaw6@geocities.com,Female,48.48.83.203,5/13/1987
8,Sadella,Gilluley,sgilluley7@goo.gl,Female,181.61.47.253,7/7/2001
9,Chadd,Traill,ctraill8@liveinternet.ru,Male,87.102.198.61,3/21/1982
10,Staffard,Poznanski,spoznanski9@drupal.org,Male,52.152.173.233,4/8/1979
11,Karrie,Dounbare,kdounbarea@yandex.ru,Female,203.54.26.253,12/29/1984
12,Joli,Shann,jshannb@t.co,Female,56.86.94.98,3/5/2000
13,Elisabeth,La Grange,elagrangec@ucsd.edu,Female,107.206.116.128,2/25/2000
14,Court,Vergo,cvergod@hud.gov,Male,5.92.178.128,8/30/2008
15,Philly,Zamorrano,pzamorranoe@dailymail.co.uk,Female,172.118.88.163,3/2/1999
16,Aluin,Alyutin,aalyutinf@twitter.com,Male,178.175.237.185,3/27/2004
17,Anita,Ebbens,aebbensg@geocities.jp,Female,204.21.210.212,2/17/2003
18,Elyse,Pizer,epizerh@nasa.gov,Female,145.107.158.64,4/18/1979
19,Corbet,Petrovic,cpetrovici@paypal.com,Male,164.87.180.203,11/13/1995
20,Odelia,Meysham,omeyshamj@sogou.com,Female,99.43.187.100,4/19/2006
21,Kai,Althorpe,kalthorpek@jugem.jp,Female,116.91.242.12,1/10/1985
22,Ragnar,Yurukhin,ryurukhinl@deviantart.com,Male,62.115.168.116,5/10/1990
23,Kip,Turmel,kturmelm@free.fr,Male,49.73.38.254,9/18/2004
24,Hedy,Jakobsson,hjakobssonn@home.pl,Female,131.54.95.164,3/16/1997
25,Julina,Cooke,jcookeo@sitemeter.com,Female,3.88.130.133,1/15/1983
26,Edwin,Casine,ecasinep@wordpress.com,Male,52.246.58.83,5/20/2008
27,Marni,Hollow,mhollowq@google.com.au,Female,200.211.88.20,2/8/1989
28,Harriott,Boyson,hboysonr@economist.com,Female,186.76.82.196,7/3/1984
29,Hagan,Juggings,hjuggingss@1und1.de,Male,62.36.19.137,9/18/2001
30,Kettie,Camoletto,kcamolettot@latimes.com,Female,192.239.72.161,2/4/1996
31,Kirsten,Stickins,kstickinsu@miibeian.gov.cn,Female,19.89.156.221,8/28/2001
32,Josias,Dwyr,jdwyrv@jigsy.com,Male,145.199.139.3,8/14/1993
33,Karol,Shoobridge,kshoobridgew@nymag.com,Female,251.99.182.94,6/10/1984
34,Pascal,Killcross,pkillcrossx@marriott.com,Male,76.189.30.234,8/17/1987
35,Charlena,Cuttles,ccuttlesy@ca.gov,Female,88.237.169.44,7/14/2005
36,Marie-ann,Moppett,mmoppettz@e-recht24.de,Female,6.177.203.183,4/10/1993
37,Tammie,Stitcher,tstitcher10@gmpg.org,Female,43.172.16.38,5/6/1982
38,Caddric,Bisco,cbisco11@msu.edu,Male,231.78.156.153,8/5/1987
39,Uriah,Andrichak,uandrichak12@dagondesign.com,Male,205.133.144.96,3/9/1995
40,Babette,Carter,bcarter13@paginegialle.it,Female,151.227.141.252,6/7/1998
41,Tatiana,Dunnett,tdunnett14@indiatimes.com,Female,110.42.230.195,12/10/1981
42,Konrad,Carr,kcarr15@dot.gov,Male,139.119.51.110,11/11/2003
43,Trudy,McKitterick,tmckitterick16@opera.com,Female,234.190.67.85,8/15/2002
44,Keriann,Elmhirst,kelmhirst17@networkadvertising.org,Female,186.146.124.36,11/4/1998
45,Nehemiah,Braunfeld,nbraunfeld18@chronoengine.com,Male,214.229.55.13,4/13/2007
46,Hamid,Antoni,hantoni19@free.fr,Male,139.65.81.92,2/12/1998
47,Winny,Abad,wabad1a@elpais.com,Female,239.20.212.16,11/2/2001
48,Matias,Rabier,mrabier1b@t.co,Male,223.153.163.32,11/25/2007
49,Welsh,Obey,wobey1c@virginia.edu,Male,161.140.229.162,5/6/1980
50,Adda,Strute,astrute1d@clickbank.net,Female,186.11.147.86,9/9/1983
51,Kilian,Tytcomb,ktytcomb1e@linkedin.com,Male,64.41.150.69,3/29/2005
52,Ardath,Heck,aheck1f@tripadvisor.com,Female,86.119.145.136,3/16/1986
53,Marijn,Bedminster,mbedminster1g@newsvine.com,Male,2.227.253.44,6/7/1997
54,Ripley,Adao,radao1h@admin.ch,Male,1.56.11.51,7/5/2005
55,Kata,Brownsall,kbrownsall1i@pinterest.com,Female,189.4.111.33,9/5/1993
56,Lionello,Winchcombe,lwinchcombe1j@mozilla.org,Male,211.17.203.150,3/29/1998
57,Brice,Scothron,bscothron1k@lycos.com,Male,148.147.170.55,10/21/1983
58,Albina,Guthrum,aguthrum1l@furl.net,Female,198.52.31.120,9/21/1999
59,Bartolemo,Thurlow,bthurlow1m@cocolog-nifty.com,Male,13.146.238.191,6/6/1980
60,Rodge,Beedham,rbeedham1n@wikia.com,Male,134.30.128.108,12/28/1989
61,Glenn,Ifill,gifill1o@ed.gov,Female,228.164.184.95,9/25/1997
62,Webb,Delacote,wdelacote1p@arizona.edu,Male,77.143.170.185,9/17/1999
63,Amity,Chance,achance1q@tripadvisor.com,Female,142.40.186.187,9/11/1982
64,Joceline,Bramelt,jbramelt1r@scientificamerican.com,Female,186.4.135.15,6/9/1981
65,Vanny,Reiling,vreiling1s@usgs.gov,Female,90.227.13.11,3/4/1995
66,Allyce,Monteith,amonteith1t@bigcartel.com,Female,59.69.53.152,11/27/1990
67,Amie,Becarra,abecarra1u@unicef.org,Female,17.60.114.27,9/30/1984
68,Shaylynn,Baurerich,sbaurerich1v@youku.com,Female,106.85.200.22,4/12/1993
69,Valaria,Klewer,vklewer1w@google.es,Female,198.62.167.23,2/14/2004
70,Merv,Arnison,marnison1x@weebly.com,Male,165.250.179.154,6/8/1983
71,Lani,Boig,lboig1y@technorati.com,Female,39.134.174.65,2/11/1999
72,Katrine,Drinkel,kdrinkel1z@bloomberg.com,Female,174.92.138.95,5/14/1997
73,Carlee,Bover,cbover20@elegantthemes.com,Female,172.48.162.247,1/16/1989
74,Nikoletta,Crake,ncrake21@dailymotion.com,Female,110.246.67.145,10/23/2002
75,Gordon,Audus,gaudus22@amazon.com,Male,106.51.189.193,4/28/2002
76,Cynthia,Sapp,csapp23@cbslocal.com,Female,247.57.240.21,2/11/1982
77,Hildagarde,Larmor,hlarmor24@shinystat.com,Female,30.66.104.42,8/16/1985
78,Piper,Linay,plinay25@purevolume.com,Female,20.101.227.108,7/17/1987
79,Morty,Moralis,mmoralis26@google.fr,Male,124.203.8.27,12/13/2003
80,Lonnie,Cromblehome,lcromblehome27@google.es,Male,73.51.68.51,11/6/2004
81,Demetria,Joselevitch,djoselevitch28@parallels.com,Female,1.247.236.226,11/7/1982
82,Brian,Pervoe,bpervoe29@springer.com,Male,193.36.91.89,5/31/2000
83,Mohammed,McAuley,mmcauley2a@cnet.com,Male,58.81.244.204,1/6/2005
84,Monroe,Fenne,mfenne2b@hibu.com,Male,217.223.223.161,5/4/2007
85,Stacee,Lowey,slowey2c@sphinn.com,Female,103.219.181.191,4/14/1981
86,Grace,Cornilleau,gcornilleau2d@hud.gov,Male,142.231.52.2,1/8/1985
87,Edvard,Shavel,eshavel2e@cdbaby.com,Male,4.27.139.203,7/11/1999
88,Arlyn,Yakushkin,ayakushkin2f@shareasale.com,Female,99.249.250.64,9/11/1982
89,Andrej,Le feuvre,alefeuvre2g@shop-pro.jp,Male,118.90.59.204,7/22/1995
90,Silva,Birth,sbirth2h@hud.gov,Female,157.121.106.72,9/26/1983
91,Glynis,Casetti,gcasetti2i@youtube.com,Female,83.250.56.212,4/19/1985
92,Douglass,Brammer,dbrammer2j@soundcloud.com,Male,247.19.32.255,11/28/2001
93,Tobias,Velti,tvelti2k@seattletimes.com,Male,88.240.175.60,10/27/2006
94,Ingaberg,Ibbetson,iibbetson2l@bigcartel.com,Female,160.254.19.250,9/10/2007
95,Jacinta,Nornasell,jnornasell2m@mozilla.org,Female,32.52.181.139,12/24/2004
96,Barret,Harpur,bharpur2n@over-blog.com,Male,224.139.86.214,1/23/1986
97,Raf,Comello,rcomello2o@cargocollective.com,Female,66.169.153.225,7/18/1999
98,Jolee,Selwyn,jselwyn2p@hibu.com,Female,179.210.237.100,9/22/1983
99,Yule,Chell,ychell2q@techcrunch.com,Male,238.109.67.200,11/1/1979
100,Cyril,Antonich,cantonich2r@deliciousdays.com,Male,8.220.20.168,5/2/1985
101,Raynor,Swainsbury,rswainsbury2s@github.io,Male,195.44.66.225,12/7/1999
102,Evangeline,Tripcony,etripcony2t@redcross.org,Female,37.44.15.233,6/7/1995
103,Elfrieda,Rout,erout2u@meetup.com,Female,41.244.88.55,11/13/1999
104,Corby,Harbor,charbor2v@geocities.com,Male,72.124.79.45,8/1/1996
105,Eb,Manthorpe,emanthorpe2w@comcast.net,Male,112.147.192.194,12/17/1987
106,Worthy,O'Loinn,woloinn2x@csmonitor.com,Male,63.82.191.122,4/16/2001
107,Norbie,Pitrollo,npitrollo2y@wordpress.org,Male,58.164.23.215,10/23/2008
108,Jared,Handscombe,jhandscombe2z@linkedin.com,Male,243.158.34.13,10/16/1982
109,Taryn,Maxstead,tmaxstead30@addtoany.com,Female,0.135.59.69,1/5/1983
110,Dougie,Kensall,dkensall31@gnu.org,Male,130.198.93.34,9/2/1982
111,Ferrel,Waber,fwaber32@google.cn,Male,203.130.10.67,1/9/1991
112,Booth,Monard,bmonard33@desdev.cn,Male,120.165.186.127,2/12/2009
113,Hammad,Beevis,hbeevis34@youtube.com,Male,149.224.118.117,8/25/1990
114,Jane,Townes,jtownes35@spiegel.de,Female,87.29.136.115,10/13/2008
115,Jocelyne,MacLice,jmaclice36@goodreads.com,Female,33.11.131.230,4/10/2004
116,Ileana,Salack,isalack37@liveinternet.ru,Female,42.126.174.145,11/7/1982
117,Elly,Goodie,egoodie38@google.de,Female,68.57.206.126,3/1/1998
118,Binnie,Holtham,bholtham39@goo.ne.jp,Female,23.219.188.134,10/3/1999
119,Jeddy,Huddle,jhuddle3a@hubpages.com,Male,32.24.232.165,3/31/2008
120,Graehme,Permain,gpermain3b@omniture.com,Male,142.34.2.225,11/10/1989
121,Willem,Trowler,wtrowler3c@businesswire.com,Male,62.41.252.42,5/22/1988
122,Shela,Fossett,sfossett3d@ox.ac.uk,Female,186.162.132.112,3/17/1999
123,Kylen,Davison,kdavison3e@weather.com,Female,35.20.119.122,7/14/2008
124,Robinson,Beernaert,rbeernaert3f@t.co,Male,105.15.65.75,4/14/1986
125,Brook,Scrimshaw,bscrimshaw3g@china.com.cn,Female,205.59.194.79,11/4/2002
126,Hedwig,Ivanaev,hivanaev3h@chron.com,Female,101.97.2.79,2/16/1981
127,Rad,Beaten,rbeaten3i@ted.com,Male,66.109.84.227,6/3/1986
128,Sumner,Scorah,sscorah3j@wikimedia.org,Male,112.52.13.51,4/29/2006
129,Lynett,Eyden,leyden3k@networksolutions.com,Female,233.56.89.11,11/22/2006
130,Shannen,McCumskay,smccumskay3l@photobucket.com,Female,2.94.83.190,7/14/1985
131,Floris,Lawrence,flawrence3m@theguardian.com,Female,16.234.241.166,2/7/1980
132,Randie,Leemans,rleemans3n@illinois.edu,Male,241.149.45.134,2/4/2006
133,Kalle,Jessope,kjessope3o@blogspot.com,Male,185.114.64.192,10/16/2003
134,Merill,Semeniuk,msemeniuk3p@gmpg.org,Male,154.0.99.96,2/19/1999
135,Leonidas,Jeandeau,ljeandeau3q@digg.com,Male,90.114.131.91,1/24/1992
136,Alfreda,Gillum,agillum3r@wunderground.com,Female,12.125.86.182,5/23/1998
137,Nathan,Stolte,nstolte3s@answers.com,Male,185.185.116.233,7/10/1983
138,Mercedes,Reyne,mreyne3t@fema.gov,Female,54.28.218.176,4/16/2000
139,Sherry,Labrow,slabrow3u@walmart.com,Female,85.163.126.10,7/22/2003
140,Any,Sawney,asawney3v@theguardian.com,Male,79.193.62.172,9/14/2006
141,Barby,Waterworth,bwaterworth3w@quantcast.com,Female,45.169.115.27,12/12/1989
142,Job,Laweles,jlaweles3x@ovh.net,Male,251.150.98.83,12/5/1981
143,Maren,Goodson,mgoodson3y@netlog.com,Female,193.61.6.169,12/21/1982
144,Elisabet,Dell,edell3z@cmu.edu,Female,224.106.153.53,9/19/2001
145,Reade,Ramard,rramard40@walmart.com,Male,50.94.21.152,10/25/2006
146,Jake,Wolfendale,jwolfendale41@oakley.com,Male,12.112.122.87,2/21/1988
147,Winnie,Clacson,wclacson42@apple.com,Male,178.233.55.174,5/21/1980
148,Shaylynn,Puckett,spuckett43@usa.gov,Female,209.100.92.108,7/24/1985
149,Abdul,Eat,aeat44@unicef.org,Male,249.42.11.151,7/9/1984
150,Dede,Bohman,dbohman45@opensource.org,Female,42.61.41.191,4/8/2002
151,Peder,Goudman,pgoudman46@bluehost.com,Male,251.145.3.233,11/10/2007
152,Tiebold,Leavey,tleavey47@mapquest.com,Male,194.159.243.13,12/19/2003
153,Kissee,Beauchop,kbeauchop48@seattletimes.com,Female,18.63.128.174,1/14/2002
154,Dorie,MacCostigan,dmaccostigan49@prweb.com,Male,34.86.142.20,3/15/1991
155,Peri,Marin,pmarin4a@buzzfeed.com,Female,249.153.77.224,9/29/2007
156,Chalmers,Baseley,cbaseley4b@dion.ne.jp,Male,155.189.149.123,4/5/2008
157,Andres,Denisot,adenisot4c@seesaa.net,Male,190.32.188.248,10/1/1991
158,Phedra,Millea,pmillea4d@wikia.com,Female,53.234.106.186,2/28/2000
159,Noel,Binfield,nbinfield4e@opensource.org,Male,72.69.180.22,8/8/1984
160,Lynsey,Offen,loffen4f@dion.ne.jp,Female,255.144.86.112,8/2/1984
161,Shayna,Geertsen,sgeertsen4g@bloomberg.com,Female,242.194.22.119,3/29/1998
162,Aurelea,Spain-Gower,aspaingower4h@imdb.com,Female,238.3.107.204,8/22/1998
163,Johannah,Bosket,jbosket4i@pen.io,Female,93.65.19.57,4/9/1998
164,Thom,Bidgod,tbidgod4j@hp.com,Male,117.181.89.138,11/14/2007
165,Gwenora,Hooban,ghooban4k@tiny.cc,Female,13.151.235.15,1/5/2009
166,Tony,Capini,tcapini4l@loc.gov,Male,150.58.231.175,5/20/1996
167,Chane,Hazelgrove,chazelgrove4m@nsw.gov.au,Male,247.209.242.95,8/7/2008
168,Constantin,Reinbech,creinbech4n@google.nl,Male,244.225.56.232,10/31/1995
169,Sacha,Dredge,sdredge4o@weibo.com,Female,205.224.147.26,7/30/1984
170,Clemmie,Starrs,cstarrs4p@sfgate.com,Male,197.250.242.228,4/24/1987
171,Raymund,Cottrill,rcottrill4q@jimdo.com,Male,193.142.123.190,1/30/1997
172,Thaine,Shillam,tshillam4r@salon.com,Male,207.226.103.219,7/23/1980
173,Guinevere,Mc Carrick,gmccarrick4s@furl.net,Female,26.120.203.147,11/20/2004
174,Armand,Keedwell,akeedwell4t@trellian.com,Male,194.214.107.202,3/27/1984
175,Meyer,Challin,mchallin4u@ebay.com,Male,154.41.226.46,3/28/2008
176,Margit,Payler,mpayler4v@china.com.cn,Female,82.123.54.225,5/16/2004
177,Eldon,Skrines,eskrines4w@infoseek.co.jp,Male,80.182.194.216,10/29/1994
178,Nevsa,Corn,ncorn4x@elegantthemes.com,Female,2.123.160.222,4/21/2001
179,Reilly,Bunney,rbunney4y@dyndns.org,Male,136.176.96.33,5/6/2003
180,Dedie,Lukovic,dlukovic4z@exblog.jp,Female,1.152.121.88,8/25/1981
181,Kissie,Fontes,kfontes50@webeden.co.uk,Female,63.28.29.56,9/12/1997
182,Carri,Stallard,cstallard51@jiathis.com,Female,32.91.126.182,8/15/1982
183,Tabitha,Polak,tpolak52@cisco.com,Female,36.117.222.157,4/26/2002
184,Waldon,Dannehl,wdannehl53@biblegateway.com,Male,61.111.48.235,6/9/2005
185,Basilio,Tetford,btetford54@telegraph.co.uk,Male,150.13.48.223,5/31/1987
186,Christian,Cotgrave,ccotgrave55@amazon.co.uk,Male,197.60.198.168,9/29/1987
187,Caddric,Janusik,cjanusik56@cpanel.net,Male,87.184.51.114,10/8/1988
188,Iain,Buttner,ibuttner57@google.co.uk,Male,34.96.50.101,10/26/1990
189,Colver,Westcot,cwestcot58@ca.gov,Male,159.161.232.226,5/13/1993
190,Terri-jo,Beautyman,tbeautyman59@creativecommons.org,Female,139.33.97.162,8/24/2004
191,Ferdy,Gilhool,fgilhool5a@hhs.gov,Male,211.230.153.12,8/16/1994
192,Kyle,Glencorse,kglencorse5b@github.io,Male,123.247.192.116,5/18/2006
193,Gae,Markson,gmarkson5c@reddit.com,Female,191.109.194.130,4/7/1987
194,Anetta,Pullman,apullman5d@mashable.com,Female,226.116.129.93,11/4/2000
195,Hall,Meijer,hmeijer5e@canalblog.com,Male,96.189.199.9,9/10/1986
196,Melly,Udden,mudden5f@google.es,Female,232.203.233.168,7/2/1980
197,Jessee,Armor,jarmor5g@xrea.com,Male,216.254.91.74,10/10/1996
198,Will,Mendez,wmendez5h@tumblr.com,Male,35.110.83.28,12/7/1987
199,Blondell,Maillard,bmaillard5i@ucla.edu,Female,212.72.207.155,5/21/1994
200,Ambur,Biagi,abiagi5j@360.cn,Female,212.154.165.244,1/7/1982
201,Moina,Petris,mpetris5k@wp.com,Female,246.65.37.116,4/15/1985
202,Sheffield,Langeley,slangeley5l@scientificamerican.com,Male,229.8.122.18,11/25/2002
203,Shellysheldon,Goolden,sgoolden5m@tripod.com,Male,107.31.110.21,7/24/1986
204,Dorisa,de Wilde,ddewilde5n@nytimes.com,Female,116.56.64.166,7/26/1998
205,Rodolph,Ritmeier,rritmeier5o@ucoz.com,Male,149.64.59.157,2/12/1985
206,Bertina,Shuttell,bshuttell5p@nasa.gov,Female,185.116.6.16,2/2/1981
207,Marquita,Huncote,mhuncote5q@oaic.gov.au,Female,208.45.3.55,7/16/1987
208,Sibelle,Alexsandrowicz,salexsandrowicz5r@so-net.ne.jp,Female,107.22.167.86,7/21/1980
209,Barb,Silversmidt,bsilversmidt5s@yahoo.com,Female,229.82.54.200,11/1/1991
210,Ninnette,Ashenhurst,nashenhurst5t@hibu.com,Female,248.85.61.110,9/5/1998
211,Virginie,Blasio,vblasio5u@webeden.co.uk,Female,15.103.22.207,9/15/1986
212,Cecilio,Spadeck,cspadeck5v@icio.us,Male,55.45.79.240,6/4/2001
213,Bambi,Jesse,bjesse5w@businessinsider.com,Female,79.185.172.45,11/20/1987
214,Pattie,Culshew,pculshew5x@seattletimes.com,Female,201.92.126.84,1/5/1998
215,Vi,Mattocks,vmattocks5y@msn.com,Female,144.153.46.218,5/4/1994
216,Jerry,Rembaud,jrembaud5z@theguardian.com,Male,153.250.7.140,2/3/2003
217,Bellanca,Franz-Schoninger,bfranzschoninger60@nymag.com,Female,148.120.24.139,12/29/2007
218,Theodore,Fayter,tfayter61@state.gov,Male,80.129.136.178,6/13/1988
219,Erastus,Diack,ediack62@smh.com.au,Male,205.239.80.248,6/27/1985
220,Sonja,Regorz,sregorz63@latimes.com,Female,26.157.248.241,2/27/2006
221,Rosmunda,Fuente,rfuente64@ftc.gov,Female,200.23.190.247,6/27/2000
222,Mattie,Bannester,mbannester65@marriott.com,Female,181.124.125.12,9/6/1989
223,Ninnette,Clews,nclews66@gravatar.com,Female,219.228.56.238,7/23/2008
224,Granny,McTear,gmctear67@hatena.ne.jp,Male,231.78.205.149,7/10/1981
225,Gabi,Brewin,gbrewin68@creativecommons.org,Male,146.28.171.171,1/5/1986
226,Ferd,Futty,ffutty69@ameblo.jp,Male,113.25.220.140,5/9/1987
227,Kevon,Hinksen,khinksen6a@noaa.gov,Male,137.71.148.184,5/2/1995
228,Batsheva,Garley,bgarley6b@etsy.com,Female,166.198.164.149,2/4/1989
229,Emmey,O'Rourke,eorourke6c@behance.net,Female,107.101.156.124,6/30/1994
230,Addi,Gahan,agahan6d@eventbrite.com,Female,44.98.238.19,4/2/1999
231,Basia,Sitlinton,bsitlinton6e@dedecms.com,Female,80.140.209.126,12/5/1989
232,Christiano,Marner,cmarner6f@un.org,Male,138.238.120.92,2/25/2007
233,Jammie,Kaplan,jkaplan6g@umn.edu,Female,130.10.195.147,7/3/2002
234,Karina,Piggott,kpiggott6h@creativecommons.org,Female,125.183.73.83,11/8/1990
235,William,Smallwood,wsmallwood6i@t-online.de,Male,213.170.135.255,9/4/2007
236,Faulkner,Got,fgot6j@blogs.com,Male,62.185.178.157,3/22/1986
237,Roi,Esom,resom6k@ucoz.com,Male,22.199.252.183,5/7/1990
238,Ricky,Marwood,rmarwood6l@shutterfly.com,Male,202.12.90.113,3/11/1981
239,Lionel,McCafferky,lmccafferky6m@omniture.com,Male,253.227.26.67,10/16/2008
240,Mabel,Chesters,mchesters6n@fda.gov,Female,154.195.52.216,3/12/2001
241,James,Heald,jheald6o@dion.ne.jp,Male,169.135.255.136,2/23/1994
242,Dita,Ivshin,divshin6p@gnu.org,Female,121.170.194.207,11/26/2007
243,Ravi,Lamplugh,rlamplugh6q@gravatar.com,Male,101.123.2.62,4/3/2008
244,William,Arminger,warminger6r@nps.gov,Male,190.87.59.48,11/21/1985
245,Stevy,Perri,sperri6s@aboutads.info,Male,121.142.78.7,8/19/1983
246,Cornie,Camus,ccamus6t@meetup.com,Male,61.175.144.149,11/18/2003
247,Farrell,Veare,fveare6u@theatlantic.com,Male,160.119.50.124,12/19/1999
248,Evelin,Cauderlie,ecauderlie6v@chron.com,Male,164.34.128.62,5/17/1999
249,Robinet,Steels,rsteels6w@nifty.com,Female,234.62.252.134,8/19/1979
250,Gert,Lamlin,glamlin6x@i2i.jp,Female,135.112.129.9,3/11/1982
251,Yorgo,Escreet,yescreet6y@homestead.com,Male,84.4.207.14,7/1/1995
252,Hastie,Mattheeuw,hmattheeuw6z@example.com,Male,107.136.167.151,1/9/1983
253,Barbabas,Durnill,bdurnill70@posterous.com,Male,41.153.145.18,8/14/1980
254,Jena,Stebbings,jstebbings71@intel.com,Female,236.1.156.19,1/16/2005
255,Rena,Aleswell,raleswell72@fastcompany.com,Female,232.101.99.47,3/18/2004
256,Scarlet,Thornley,sthornley73@boston.com,Female,146.199.149.204,12/28/2001
257,Odelle,Weddell,oweddell74@hostgator.com,Female,122.206.140.189,7/11/1983
258,Kizzee,Calderon,kcalderon75@t.co,Female,122.111.208.17,5/21/1998
259,Danika,Sowte,dsowte76@dot.gov,Female,225.191.140.243,12/7/1991
260,Wolf,Padson,wpadson77@gmpg.org,Male,56.231.83.242,3/30/2004
261,Ricky,Paliser,rpaliser78@who.int,Male,193.12.248.132,3/2/1991
262,Rachele,Tilby,rtilby79@hud.gov,Female,226.127.178.128,11/13/1997
263,Gabi,Corbin,gcorbin7a@weather.com,Male,69.140.44.192,2/8/2006
264,Cherrita,Warboys,cwarboys7b@shareasale.com,Female,221.205.118.255,6/5/1996
265,Maritsa,Wickersley,mwickersley7c@china.com.cn,Female,217.227.197.98,9/28/1994
266,Anton,Fullerton,afullerton7d@reverbnation.com,Male,252.218.141.98,11/22/1999
267,Melvyn,Harnetty,mharnetty7e@ycombinator.com,Male,77.155.174.16,11/10/2005
268,Valina,Quail,vquail7f@hao123.com,Female,101.14.239.255,2/2/1981
269,Walker,Jurkiewicz,wjurkiewicz7g@gmpg.org,Male,215.2.216.67,2/13/1984
270,Briana,Hardman,bhardman7h@omniture.com,Female,3.65.11.77,2/7/1985
271,Roselia,McGinnis,rmcginnis7i@oaic.gov.au,Female,70.50.46.147,1/21/1991
272,Renee,Blaycock,rblaycock7j@ft.com,Female,211.113.14.127,1/10/1988
273,Laraine,Rabat,lrabat7k@example.com,Female,227.10.108.91,3/22/2001
274,Scott,Ritter,sritter7l@clickbank.net,Male,124.130.105.241,1/28/1986
275,Elva,Sturman,esturman7m@nps.gov,Female,212.184.19.111,6/2/1990
276,Reese,Cafferky,rcafferky7n@addtoany.com,Male,179.29.196.49,10/28/1991
277,Mattie,de Amaya,mdeamaya7o@imgur.com,Female,246.41.202.40,5/15/2008
278,Ashlin,Brideoke,abrideoke7p@umich.edu,Male,24.66.123.58,12/15/1981
279,Tannie,Arnaudi,tarnaudi7q@cbsnews.com,Male,204.187.75.109,8/11/1988
280,Aeriel,Forward,aforward7r@imdb.com,Female,174.179.48.182,12/27/1994
281,Jeniece,Cummins,jcummins7s@wix.com,Female,175.114.82.242,4/29/1993
282,Hi,Gouck,hgouck7t@tuttocitta.it,Male,213.155.141.191,1/22/2000
283,Heather,Pozzo,hpozzo7u@liveinternet.ru,Female,32.198.7.217,2/20/2003
284,Silvanus,Giovannardi,sgiovannardi7v@gov.uk,Male,176.249.61.3,6/11/2004
285,Dehlia,Bowery,dbowery7w@github.io,Female,102.57.2.54,3/17/2007
286,Emmalyn,Ibbison,eibbison7x@cmu.edu,Female,196.13.209.2,2/12/2008
287,Michale,Caukill,mcaukill7y@typepad.com,Male,15.74.155.221,7/13/1994
288,Cirillo,Yarnold,cyarnold7z@yandex.ru,Male,48.75.203.230,9/8/1991
289,Estelle,Bullen,ebullen80@time.com,Female,60.149.155.41,11/2/1996
290,Hyacinthia,Hattigan,hhattigan81@google.com.au,Female,27.18.150.188,10/1/1987
291,Talya,Southers,tsouthers82@tmall.com,Female,73.212.175.4,2/17/2008
292,Jessalyn,Trustey,jtrustey83@prlog.org,Female,171.92.45.161,3/5/1998
293,Nikolos,Arstall,narstall84@microsoft.com,Male,84.139.255.208,7/5/1980
294,Katrinka,Rogez,krogez85@mtv.com,Female,179.161.107.110,2/2/1999
295,Ole,Dunsleve,odunsleve86@shutterfly.com,Male,248.108.202.124,10/12/1986
296,Minnnie,Shelp,mshelp87@biblegateway.com,Female,201.172.159.20,9/27/2005
297,Daryn,Boliver,dboliver88@exblog.jp,Female,34.58.159.244,4/10/1980
298,Tobi,Batman,tbatman89@com.com,Female,66.85.163.108,10/18/1987
299,Gearard,Jordon,gjordon8a@networksolutions.com,Male,215.34.240.16,12/15/1990
300,Prisca,Jeenes,pjeenes8b@privacy.gov.au,Female,174.9.28.174,2/19/1982
301,Rena,Boulter,rboulter8c@livejournal.com,Female,32.118.53.47,11/24/1988
302,Darsey,Warcop,dwarcop8d@icq.com,Female,240.81.124.208,9/11/1993
303,Wrennie,Morgans,wmorgans8e@indiegogo.com,Female,246.149.39.32,10/6/1983
304,Janel,Nutt,jnutt8f@i2i.jp,Female,130.5.160.33,5/27/1997
305,Patrizio,Posten,pposten8g@youtu.be,Male,94.249.236.64,7/2/1994
306,Fairlie,Weddell,fweddell8h@reverbnation.com,Male,110.82.60.114,3/25/2000
307,Papageno,Kinsley,pkinsley8i@woothemes.com,Male,8.203.182.39,4/22/1987
308,Madelle,Munslow,mmunslow8j@harvard.edu,Female,28.242.201.100,4/6/1979
309,Travus,Tickel,ttickel8k@foxnews.com,Male,69.6.51.189,3/16/2006
310,Aurie,Sussex,asussex8l@skype.com,Female,17.6.130.150,10/25/1998
311,Clem,Leport,cleport8m@cafepress.com,Female,131.152.79.39,6/13/1998
312,Esmaria,Salery,esalery8n@bloglovin.com,Female,9.183.74.185,3/13/1989
313,Blondelle,Ullyott,bullyott8o@globo.com,Female,188.108.243.189,5/24/1997
314,Lawton,Littlefair,llittlefair8p@wufoo.com,Male,139.195.230.131,4/1/2003
315,Moria,Kolin,mkolin8q@boston.com,Female,22.56.143.178,3/25/1996
316,Annetta,Cumberbatch,acumberbatch8r@networksolutions.com,Female,156.75.218.213,12/24/1988
317,Christoforo,Camp,ccamp8s@desdev.cn,Male,160.48.179.233,12/14/1987
318,Bo,Capon,bcapon8t@jiathis.com,Male,205.54.158.160,12/3/2002
319,Tess,Favell,tfavell8u@1und1.de,Female,48.18.100.223,10/26/2004
320,Simonette,Valens-Smith,svalenssmith8v@washington.edu,Female,5.69.57.65,1/5/1992
321,Emylee,Peete,epeete8w@google.de,Female,96.192.184.252,1/9/2003
322,Claybourne,Bergstram,cbergstram8x@creativecommons.org,Male,9.252.204.115,9/8/1986
323,Mortimer,Frankis,mfrankis8y@usda.gov,Male,148.167.23.156,8/17/1994
324,Clem,Santello,csantello8z@berkeley.edu,Male,4.105.173.247,6/29/1990
325,Allister,Dyball,adyball90@altervista.org,Male,246.78.119.148,2/1/1993
326,Elvis,Joyson,ejoyson91@hostgator.com,Male,67.155.94.105,3/15/1984
327,Dell,Jedras,djedras92@booking.com,Male,190.55.114.20,10/5/1996
328,Shay,Gerhardt,sgerhardt93@webnode.com,Female,29.82.207.96,2/20/1992
329,Serena,Carwithim,scarwithim94@disqus.com,Female,29.252.78.27,6/24/1985
330,Amelie,Wulfinger,awulfinger95@odnoklassniki.ru,Female,52.89.209.157,1/27/1995
331,Tamiko,Ranyelld,tranyelld96@typepad.com,Female,159.22.124.132,7/27/1993
332,Janet,Hartle,jhartle97@narod.ru,Female,47.61.60.88,5/14/2006
333,Cordy,Rosenblad,crosenblad98@naver.com,Male,21.27.190.104,6/2/1986
334,Giordano,Hotchkin,ghotchkin99@miitbeian.gov.cn,Male,69.80.132.161,5/9/1999
335,Elbert,Gobbett,egobbett9a@pagesperso-orange.fr,Male,198.195.57.10,11/26/2007
336,Atlante,Hinnerk,ahinnerk9b@whitehouse.gov,Female,217.150.15.235,8/21/2003
337,Thorny,Pride,tpride9c@uol.com.br,Male,189.144.187.28,5/20/2005
338,Nara,Soanes,nsoanes9d@xrea.com,Female,110.84.151.220,1/20/1993
339,Lemar,Edgerly,ledgerly9e@bigcartel.com,Male,199.64.184.230,8/31/1993
340,Othella,Ruddy,oruddy9f@cbslocal.com,Female,24.140.214.195,12/3/2006
341,Artus,Clue,aclue9g@geocities.jp,Male,100.95.162.66,11/6/1998
342,Hastings,Lintin,hlintin9h@seesaa.net,Male,203.157.204.156,7/23/1987
343,Datha,Reeder,dreeder9i@de.vu,Female,214.209.105.210,7/23/1982
344,Austine,Espadate,aespadate9j@cam.ac.uk,Female,214.197.163.168,12/29/1985
345,Novelia,Reddoch,nreddoch9k@ucoz.com,Female,108.48.154.129,11/7/1986
346,Justina,Juris,jjuris9l@si.edu,Female,50.72.91.71,4/5/2002
347,Lorna,Garside,lgarside9m@webnode.com,Female,175.8.208.243,5/13/1990
348,Lottie,Jouannot,ljouannot9n@sourceforge.net,Female,34.68.129.193,1/17/1997
349,Wallis,Gadie,wgadie9o@seesaa.net,Female,85.188.175.143,12/24/1997
350,Stefano,Vonderdell,svonderdell9p@wikimedia.org,Male,163.101.53.55,3/19/1992
351,Orelie,Straker,ostraker9q@newyorker.com,Female,253.227.217.83,12/23/1988
352,Waldo,Darey,wdarey9r@sciencedirect.com,Male,249.133.231.114,4/14/1986
353,Tab,Pieter,tpieter9s@bravesites.com,Male,87.169.150.75,5/29/1989
354,Jamill,Vosper,jvosper9t@istockphoto.com,Male,185.161.77.160,5/12/1998
355,Ingmar,Estrella,iestrella9u@a8.net,Male,189.197.125.213,1/31/2000
356,Blithe,Betchley,bbetchley9v@reddit.com,Female,58.190.160.116,4/3/1986
357,Rock,Possell,rpossell9w@ft.com,Male,87.122.138.150,5/26/1997
358,Alphonse,Heatlie,aheatlie9x@home.pl,Male,11.252.112.191,3/13/1991
359,Dennis,Braferton,dbraferton9y@woothemes.com,Male,110.44.58.151,7/7/1986
360,Orson,Bonifant,obonifant9z@cmu.edu,Male,188.14.8.179,4/23/1999
361,Rosa,Calabry,rcalabrya0@eventbrite.com,Female,58.209.2.101,8/9/1983
362,Trent,Johanssen,tjohanssena1@reverbnation.com,Male,156.71.200.187,8/2/1987
363,Emmet,Swalough,eswalougha2@rambler.ru,Male,228.222.139.135,5/29/1993
364,Harlan,Parkman,hparkmana3@networksolutions.com,Male,237.55.86.79,8/20/1992
365,Shannah,Meiklem,smeiklema4@fc2.com,Female,233.102.176.99,9/5/2005
366,Marya,McCowan,mmccowana5@berkeley.edu,Female,177.84.38.69,8/24/1997
367,Carmelina,Massei,cmasseia6@independent.co.uk,Female,7.192.76.247,8/31/2000
368,Garner,Coulthart,gcoultharta7@wsj.com,Male,76.95.165.149,4/9/1986
369,Nan,Sumpton,nsumptona8@de.vu,Female,218.245.68.163,1/19/1987
370,Patrizio,Penton,ppentona9@ehow.com,Male,83.244.65.239,12/1/2008
371,Philomena,Burdoun,pburdounaa@issuu.com,Female,22.189.59.80,1/30/1984
372,Eldridge,Blackborow,eblackborowab@smh.com.au,Male,31.151.105.62,10/25/1985
373,Yetty,Hasser,yhasserac@cloudflare.com,Female,106.162.91.235,9/23/1989
374,Antonio,Asey,aaseyad@cnn.com,Male,100.120.203.175,12/20/2007
375,Emlynne,Binns,ebinnsae@marriott.com,Female,133.17.169.160,8/27/1980
376,Fran,O'Tuohy,fotuohyaf@washington.edu,Male,137.252.52.254,1/3/1986
377,Lily,Dundridge,ldundridgeag@dyndns.org,Female,75.90.95.214,1/15/1981
378,Georgi,Otto,gottoah@seattletimes.com,Male,113.26.20.236,9/16/1994
379,Thaine,Hynde,thyndeai@cbsnews.com,Male,196.127.156.244,1/18/1989
380,Patrica,Robson,probsonaj@zdnet.com,Female,129.63.254.152,3/12/1987
381,Riva,Storrah,rstorrahak@chicagotribune.com,Female,168.224.147.217,2/5/2002
382,Maridel,Di Lucia,mdiluciaal@house.gov,Female,95.202.24.68,5/3/1979
383,Marilin,Wilstead,mwilsteadam@forbes.com,Female,243.252.141.119,11/4/2000
384,Karry,Furmenger,kfurmengeran@zimbio.com,Female,204.55.130.137,5/23/2006
385,Mason,Bulled,mbulledao@artisteer.com,Male,253.86.128.194,2/2/2003
386,Ingamar,Barts,ibartsap@umn.edu,Male,55.40.170.164,11/30/1980
387,Jilleen,Annand,jannandaq@feedburner.com,Female,113.255.16.56,5/2/1990
388,Ogdon,Harmer,oharmerar@flickr.com,Male,30.99.249.238,12/19/2002
389,Sigfried,Poser,sposeras@bing.com,Male,158.71.181.47,1/11/2003
390,Marys,Bottrill,mbottrillat@japanpost.jp,Female,180.65.185.191,9/9/1985
391,Dyna,Dory,ddoryau@google.pl,Female,172.180.221.6,11/24/1981
392,Yoshi,Breit,ybreitav@senate.gov,Female,144.78.40.121,5/23/1995
393,Mohammed,Christon,mchristonaw@ihg.com,Male,42.149.100.67,1/29/2009
394,Vinni,Dunmore,vdunmoreax@a8.net,Female,107.40.124.109,12/22/1987
395,Eada,Smalecombe,esmalecombeay@smugmug.com,Female,174.39.195.129,12/10/1990
396,Hewitt,Fernyhough,hfernyhoughaz@google.com.br,Male,158.23.100.52,1/27/2000
397,Maxie,Liger,mligerb0@google.co.jp,Male,241.77.205.222,12/27/1987
398,Constantia,Poultney,cpoultneyb1@weibo.com,Female,221.62.227.220,7/26/2003
399,Maryellen,Klausewitz,mklausewitzb2@cbslocal.com,Female,174.132.57.189,2/10/2000
400,Sol,Kingzeth,skingzethb3@blinklist.com,Male,62.55.193.79,9/29/1996
401,Valaree,Bettlestone,vbettlestoneb4@is.gd,Female,102.108.162.224,4/1/2001
402,Keefe,Trayes,ktrayesb5@pbs.org,Male,235.205.84.239,11/15/1981
403,Harriett,Gibbings,hgibbingsb6@nydailynews.com,Female,74.24.151.51,11/18/1997
404,Christy,Flement,cflementb7@etsy.com,Female,181.9.106.114,1/19/1985
405,Eleanore,Lerer,elererb8@yolasite.com,Female,20.93.10.123,6/5/2007
406,Vernor,Cicconetti,vcicconettib9@weibo.com,Male,26.20.63.78,4/29/1995
407,Jervis,Joynes,jjoynesba@time.com,Male,227.1.181.11,7/12/1983
408,Robinet,Bilovsky,rbilovskybb@behance.net,Male,238.251.123.67,3/5/2002
409,Brandyn,Woolgar,bwoolgarbc@smh.com.au,Male,32.79.185.24,2/28/1996
410,Mario,Loosley,mloosleybd@wunderground.com,Male,250.77.53.118,6/6/1999
411,Lydon,Schruyer,lschruyerbe@army.mil,Male,138.203.49.214,12/11/1982
412,Guinna,Flude,gfludebf@va.gov,Female,135.109.78.111,5/21/1988
413,Curr,Conneau,cconneaubg@tuttocitta.it,Male,74.66.53.104,11/22/1980
414,Guthry,Seiffert,gseiffertbh@cyberchimps.com,Male,238.139.84.86,4/10/1984
415,Rene,McAmish,rmcamishbi@netvibes.com,Female,147.146.170.14,7/4/1995
416,Melita,Rentalll,mrentalllbj@jugem.jp,Female,67.202.167.229,11/18/1988
417,Northrup,McCartan,nmccartanbk@sciencedaily.com,Male,11.207.157.186,5/4/2007
418,Ram,Braisby,rbraisbybl@cnbc.com,Male,61.17.212.203,4/6/1989
419,Theodore,Dalziel,tdalzielbm@yellowpages.com,Male,172.106.148.136,1/15/2006
420,Samson,Feek,sfeekbn@macromedia.com,Male,23.4.96.107,10/14/2000
421,Rodie,Kent,rkentbo@phoca.cz,Female,28.35.140.235,6/3/2005
422,Hoebart,Durward,hdurwardbp@mayoclinic.com,Male,146.8.67.57,2/2/1989
423,Cris,Atthow,catthowbq@bbc.co.uk,Female,176.77.128.77,8/19/1990
424,Edik,Truelock,etruelockbr@blogs.com,Male,106.136.196.162,11/22/1981
425,Daryle,Cuffley,dcuffleybs@wordpress.org,Male,193.215.55.178,1/22/2008
426,Pat,Jollie,pjolliebt@live.com,Female,74.34.209.56,3/23/1982
427,Noach,Brownlee,nbrownleebu@chronoengine.com,Male,248.15.47.154,11/11/1993
428,Sibel,Klein,skleinbv@hao123.com,Female,53.55.212.129,7/3/1987
429,Guilbert,Dwelley,gdwelleybw@meetup.com,Male,40.181.236.11,3/23/1980
430,Aluino,Webburn,awebburnbx@springer.com,Male,146.127.255.56,5/8/2003
431,Kaine,Tilberry,ktilberryby@exblog.jp,Male,248.2.40.220,6/28/1991
432,Glenn,Twiname,gtwinamebz@artisteer.com,Male,207.241.238.116,4/4/2004
433,Maurene,Cudd,mcuddc0@statcounter.com,Female,218.61.31.232,8/14/1980
434,Camellia,Peirone,cpeironec1@engadget.com,Female,155.195.243.81,12/19/1981
435,Leann,Farmer,lfarmerc2@blogs.com,Female,80.167.161.118,10/25/1998
436,Ranna,Yexley,ryexleyc3@cargocollective.com,Female,68.172.5.71,11/30/2003
437,Marga,Rodliff,mrodliffc4@twitpic.com,Female,227.30.4.45,4/13/1980
438,Bernita,Scrowston,bscrowstonc5@craigslist.org,Female,195.56.149.35,1/13/1984
439,Mord,Sherlaw,msherlawc6@t-online.de,Male,141.122.103.130,12/26/2003
440,Tandy,Russilll,trussilllc7@ucoz.com,Female,207.17.80.205,12/25/2006
441,Banky,Etteridge,betteridgec8@foxnews.com,Male,122.107.127.3,9/30/1996
442,Hilly,Sandeland,hsandelandc9@yale.edu,Male,37.230.185.98,12/28/2005
443,Germain,Trinkwon,gtrinkwonca@xing.com,Male,213.120.207.15,6/25/1988
444,Hill,Kirwan,hkirwancb@ezinearticles.com,Male,251.138.250.86,8/6/1985
445,Roy,Pettiward,rpettiwardcc@google.fr,Male,8.200.106.14,3/30/1989
446,Titus,Talmadge,ttalmadgecd@msu.edu,Male,238.55.146.200,10/26/1998
447,Obed,Wingar,owingarce@wunderground.com,Male,109.179.177.107,5/2/1988
448,Thaddeus,Elms,telmscf@nymag.com,Male,35.97.36.200,12/17/2003
449,Nanci,Dunlea,ndunleacg@t.co,Female,252.170.162.31,5/20/1994
450,Filberto,Castellet,fcastelletch@cyberchimps.com,Male,224.53.196.146,3/30/1991
451,Christiano,Cluff,ccluffci@nymag.com,Male,110.248.105.176,12/8/1980
452,Caddric,O' Ronan,coronancj@guardian.co.uk,Male,37.94.140.245,1/19/1987
453,Bonnie,Visick,bvisickck@t.co,Female,70.86.89.80,12/31/1979
454,Temp,Bugge,tbuggecl@taobao.com,Male,69.66.230.210,2/17/2001
455,Niko,Kemble,nkemblecm@omniture.com,Male,200.234.56.108,11/27/1994
456,Maritsa,Blaisdell,mblaisdellcn@xrea.com,Female,205.95.215.131,9/18/1997
457,Klaus,Stallibrass,kstallibrassco@mapquest.com,Male,81.100.45.168,7/14/1984
458,Daron,Lumsdale,dlumsdalecp@amazon.com,Male,199.2.141.125,9/18/1984
459,Elijah,Boij,eboijcq@umich.edu,Male,27.220.57.29,5/7/1991
460,Karlotta,O'Lehane,kolehanecr@360.cn,Female,116.231.177.42,9/10/1988
461,Viola,Dullingham,vdullinghamcs@4shared.com,Female,51.94.249.88,6/14/1984
462,Kalli,McReynolds,kmcreynoldsct@skyrock.com,Female,86.167.204.29,10/19/1991
463,Darrell,Messenger,dmessengercu@hao123.com,Male,124.233.86.45,10/3/2008
464,Mike,Townson,mtownsoncv@elpais.com,Male,189.28.17.211,2/18/1997
465,Chaddy,Jiras,cjirascw@timesonline.co.uk,Male,116.242.34.238,1/15/2002
466,Quintina,Faudrie,qfaudriecx@rakuten.co.jp,Female,132.140.19.167,11/16/1994
467,Eldin,Compfort,ecompfortcy@who.int,Male,89.208.178.126,4/17/1988
468,Kendell,Glasman,kglasmancz@dmoz.org,Male,146.119.196.74,1/3/2000
469,Anallise,Smallpeice,asmallpeiced0@squarespace.com,Female,36.114.99.151,9/25/2005
470,Britta,Grinyer,bgrinyerd1@ehow.com,Female,229.182.170.84,1/15/1992
471,Lonnard,Ceely,lceelyd2@macromedia.com,Male,98.203.194.128,10/5/1988
472,Stacia,Davydychev,sdavydychevd3@virginia.edu,Female,225.56.189.30,1/7/1989
473,Cirilo,Haley,chaleyd4@edublogs.org,Male,22.150.13.139,8/20/1989
474,Katharyn,Cooksley,kcooksleyd5@mac.com,Female,81.65.18.231,2/11/2000
475,Gina,Stopp,gstoppd6@google.it,Female,49.215.99.132,10/24/2008
476,Constantino,Toffolo,ctoffolod7@woothemes.com,Male,29.2.188.131,6/7/1982
477,Colline,Stuffins,cstuffinsd8@naver.com,Female,230.88.237.64,12/29/2004
478,Odo,Dugood,odugoodd9@fema.gov,Male,137.144.197.35,7/18/2003
479,Edgar,Stainson,estainsonda@ibm.com,Male,191.21.75.95,8/18/1983
480,Dev,Oby,dobydb@hexun.com,Male,49.171.41.51,6/10/1991
481,Dunstan,Jouhan,djouhandc@canalblog.com,Male,198.231.147.105,7/24/1998
482,Jennine,Brookton,jbrooktondd@blog.com,Female,15.2.59.50,12/16/2006
483,Emory,Stallebrass,estallebrassde@privacy.gov.au,Male,248.221.16.161,1/7/1995
484,Lorne,Bansal,lbansaldf@facebook.com,Male,191.9.239.251,1/2/1981
485,Guthrey,Lippard,glipparddg@eventbrite.com,Male,2.4.153.254,9/13/2008
486,Devondra,Shevill,dshevilldh@dell.com,Female,50.246.192.23,9/2/1981
487,Jeanette,Jozaitis,jjozaitisdi@ucoz.com,Female,216.200.156.164,1/3/2004
488,Devonne,Vairow,dvairowdj@adobe.com,Female,118.60.178.129,12/31/1992
489,Phelia,Bes,pbesdk@wp.com,Female,190.38.192.94,1/31/2001
490,Donnie,Scotsbrook,dscotsbrookdl@thetimes.co.uk,Male,159.11.139.53,8/19/1997
491,Carmine,Poulett,cpoulettdm@myspace.com,Female,226.37.195.158,7/29/2000
492,Hamil,Hanwright,hhanwrightdn@earthlink.net,Male,58.180.141.183,11/1/2002
493,Emmalynne,Abbatini,eabbatinido@abc.net.au,Female,79.221.170.161,11/14/2004
494,Emmett,Watt,ewattdp@wired.com,Male,44.81.227.25,6/8/2006
495,Molli,Yellop,myellopdq@cornell.edu,Female,46.18.141.30,8/8/1980
496,Griffith,Glastonbury,gglastonburydr@answers.com,Male,67.66.113.52,10/16/1990
497,Vinson,Losseljong,vlosseljongds@soup.io,Male,230.6.182.84,8/6/2007
498,Dorie,Goddert.sf,dgoddertsfdt@etsy.com,Male,251.139.62.78,11/5/1984
499,Vic,Guitte,vguittedu@accuweather.com,Male,40.60.89.111,3/20/2001
500,Gilli,Addey,gaddeydv@slate.com,Female,73.48.251.243,9/16/1980
501,Neel,Ferretti,nferrettidw@prlog.org,Male,121.37.226.150,1/13/1993
502,Elna,Deverall,edeveralldx@comcast.net,Female,20.20.193.154,9/9/1987
503,Ade,Ravenscraft,aravenscraftdy@deviantart.com,Male,54.209.64.162,1/18/1981
504,Cori,Kempson,ckempsondz@gizmodo.com,Male,132.117.11.207,11/23/1995
505,Christophe,Alfonsetti,calfonsettie0@salon.com,Male,34.61.71.203,11/23/2001
506,Klarrisa,Edmonds,kedmondse1@ted.com,Female,41.177.188.7,11/17/1985
507,Moria,Hearle,mhearlee2@liveinternet.ru,Female,192.201.210.15,2/12/1982
508,Renato,Bendixen,rbendixene3@mapquest.com,Male,238.106.175.62,1/4/1983
509,Sandy,Riha,srihae4@cnet.com,Male,203.24.54.224,1/23/2006
510,Shayne,Millen,smillene5@163.com,Male,47.109.40.122,7/7/1986
511,Tamiko,Temprell,ttemprelle6@pbs.org,Female,10.236.11.252,5/6/2002
512,Vinni,Scaice,vscaicee7@gizmodo.com,Female,37.100.170.45,9/13/2008
513,Jasmine,Kohen,jkohene8@hc360.com,Female,176.204.21.17,11/20/2008
514,Edee,Sheridan,esheridane9@printfriendly.com,Female,207.79.166.16,5/16/1997
515,Alecia,Ranstead,aransteadea@ehow.com,Female,92.167.34.183,6/29/1996
516,Amos,Scyner,ascynereb@yahoo.com,Male,216.156.86.32,2/14/2005
517,Gay,Andrey,gandreyec@stumbleupon.com,Male,2.137.86.167,4/4/1990
518,Lorna,Jollie,ljollieed@dmoz.org,Female,63.254.51.85,7/20/1987
519,Brynna,Files,bfilesee@elegantthemes.com,Female,106.68.41.121,1/27/1995
520,Elli,Tamplin,etamplinef@topsy.com,Female,164.39.191.112,2/23/1990
521,Hube,Jonathon,hjonathoneg@naver.com,Male,65.39.135.38,1/20/1994
522,Eran,Midgley,emidgleyeh@oaic.gov.au,Female,216.61.38.185,7/24/1995
523,Miller,Symper,msymperei@people.com.cn,Male,244.59.222.137,8/23/2007
524,Cindra,Beviss,cbevissej@mediafire.com,Female,241.1.74.14,3/20/1999
525,Vinnie,Halle,vhalleek@flickr.com,Female,168.179.41.11,6/4/2007
526,Dulcea,De Bellis,ddebellisel@yandex.ru,Female,209.76.198.120,3/17/2002
527,Maitilde,Merali,mmeraliem@oaic.gov.au,Female,89.186.100.0,6/11/1993
528,Gallagher,Solway,gsolwayen@tripod.com,Male,183.143.80.254,5/5/1999
529,Deva,Peye,dpeyeeo@tamu.edu,Female,17.249.194.42,5/22/1994
530,Crawford,Looney,clooneyep@businessweek.com,Male,169.209.75.181,12/2/1991
531,Stanislaus,Jilliss,sjillisseq@businessweek.com,Male,158.167.150.40,12/26/1986
532,Selig,Giacomini,sgiacominier@geocities.com,Male,140.124.210.162,1/30/1993
533,Kelley,Rex,krexes@symantec.com,Male,3.200.167.56,2/16/1988
534,Hugibert,Blindt,hblindtet@uol.com.br,Male,44.186.74.87,3/2/1987
535,Mace,Le Franc,mlefranceu@google.com.hk,Male,77.179.13.23,8/11/1981
536,Minna,Dahlbom,mdahlbomev@dyndns.org,Female,49.160.35.219,1/7/1996
537,Eldon,Curee,ecureeew@sitemeter.com,Male,131.106.76.4,4/23/1985
538,Neila,Spataro,nspataroex@lulu.com,Female,113.252.9.91,9/13/1983
539,Barbara,Coo,bcooey@nbcnews.com,Female,27.43.199.45,10/31/2003
540,Walton,Bolin,wbolinez@slate.com,Male,87.185.73.18,12/3/1991
541,Arne,Goldston,agoldstonf0@hostgator.com,Male,126.79.148.69,11/15/1983
542,Lynda,Purkiss,lpurkissf1@cbslocal.com,Female,104.7.253.27,5/22/1986
543,Darb,Agates,dagatesf2@psu.edu,Male,182.184.82.62,4/28/1982
544,Annmaria,Petrello,apetrellof3@creativecommons.org,Female,146.120.213.77,8/7/1996
545,Dotty,Lowers,dlowersf4@bizjournals.com,Female,54.12.4.234,9/17/1986
546,Cassy,Joye,cjoyef5@techcrunch.com,Female,176.38.222.225,11/9/1989
547,Corrie,Jaulmes,cjaulmesf6@deviantart.com,Male,193.243.177.79,7/20/2003
548,Maryjane,McNeigh,mmcneighf7@gov.uk,Female,31.49.128.197,3/29/1997
549,Pat,Gisburne,pgisburnef8@qq.com,Male,66.111.182.6,2/23/1990
550,Verge,Dauney,vdauneyf9@va.gov,Male,3.145.57.24,9/6/1996
551,Ruth,Wetherhead,rwetherheadfa@cnn.com,Female,151.251.80.41,7/15/2001
552,Moses,Button,mbuttonfb@home.pl,Male,72.52.52.116,12/1/1994
553,Karmen,Shakelade,kshakeladefc@redcross.org,Female,42.91.52.225,3/17/1989
554,Samuele,Leythley,sleythleyfd@google.com.br,Male,176.136.74.233,9/21/1979
555,Benoit,Hune,bhunefe@chron.com,Male,80.99.149.156,11/27/1988
556,Natty,Haldenby,nhaldenbyff@reverbnation.com,Female,123.252.105.205,8/11/2002
557,Xever,Veschambes,xveschambesfg@csmonitor.com,Male,154.53.237.111,8/5/1980
558,Neale,Braben,nbrabenfh@yale.edu,Male,135.45.115.193,9/22/1987
559,Kerwinn,Yeld,kyeldfi@noaa.gov,Male,36.64.126.192,8/3/1986
560,Udale,Manton,umantonfj@technorati.com,Male,120.149.132.197,10/12/1999
561,Tommi,MacArthur,tmacarthurfk@bigcartel.com,Female,6.0.61.173,2/11/1997
562,Suzie,Whiscard,swhiscardfl@soup.io,Female,106.232.95.168,12/18/1995
563,Batsheva,Chaulk,bchaulkfm@usa.gov,Female,153.52.47.185,7/17/1982
564,Fara,Dunmore,fdunmorefn@hugedomains.com,Female,115.130.84.18,2/18/1993
565,Ryan,Beltzner,rbeltznerfo@liveinternet.ru,Male,251.238.90.168,7/23/1997
566,Suzanna,Lyptratt,slyptrattfp@sitemeter.com,Female,74.171.167.212,1/28/2000
567,Charlotta,Croux,ccrouxfq@canalblog.com,Female,43.78.203.131,7/26/1993
568,Dell,Bleakman,dbleakmanfr@i2i.jp,Male,103.18.140.71,12/27/2005
569,Myrah,Anthon,manthonfs@dailymotion.com,Female,20.177.147.202,10/1/1984
570,Karissa,Petersen,kpetersenft@tripadvisor.com,Female,31.138.47.29,3/2/2007
571,Meghann,Nials,mnialsfu@hexun.com,Female,8.44.142.91,3/3/1987
572,Far,Garment,fgarmentfv@mayoclinic.com,Male,107.161.53.161,11/14/1984
573,Drusie,Braniff,dbranifffw@foxnews.com,Female,154.25.10.1,2/16/1992
574,Ly,Cawson,lcawsonfx@nba.com,Male,216.232.57.174,11/9/2003
575,Robinette,Hugonet,rhugonetfy@qq.com,Female,133.61.190.46,8/10/1988
576,Cello,Wealleans,cwealleansfz@nasa.gov,Male,49.132.94.146,11/26/1987
577,Will,Webbe,wwebbeg0@example.com,Male,82.155.3.157,2/3/2007
578,Inna,Euesden,ieuesdeng1@slate.com,Female,65.63.15.66,1/31/2005
579,Deborah,Ballance,dballanceg2@yandex.ru,Female,116.154.247.17,4/10/2005
580,Gerik,Lidstone,glidstoneg3@unicef.org,Male,18.243.232.166,1/4/1995
581,Ophelia,Cobon,ocobong4@harvard.edu,Female,103.13.180.67,11/16/2007
582,Alicea,Giovannardi,agiovannardig5@huffingtonpost.com,Female,186.18.238.169,1/26/1990
583,Morley,Wilks,mwilksg6@hatena.ne.jp,Male,3.136.237.36,7/19/1988
584,Benjamin,Dellit,bdellitg7@earthlink.net,Male,241.121.50.190,12/6/2000
585,Francine,Farncomb,ffarncombg8@acquirethisname.com,Female,140.196.216.107,7/17/2008
586,Katharine,O'Mahoney,komahoneyg9@home.pl,Female,212.237.139.116,8/14/1992
587,Vidovic,Padmore,vpadmorega@tamu.edu,Male,148.57.92.254,10/20/1995
588,Gertrud,Coo,gcoogb@parallels.com,Female,39.232.219.151,9/27/1999
589,Leesa,Oxenbury,loxenburygc@hostgator.com,Female,141.239.85.74,8/2/1983
590,Daron,Kopecka,dkopeckagd@whitehouse.gov,Female,110.19.209.18,5/30/1995
591,Carmelita,Sidery,csideryge@delicious.com,Female,213.106.30.76,2/22/1981
592,Taylor,Antonijevic,tantonijevicgf@alibaba.com,Male,156.173.195.55,9/14/1982
593,Rosalind,Brosenius,rbroseniusgg@ucoz.ru,Female,81.53.124.110,12/23/1987
594,Ulric,Pitkeathley,upitkeathleygh@guardian.co.uk,Male,96.99.67.255,8/31/1981
595,Shannon,Lidgely,slidgelygi@imdb.com,Male,173.195.117.153,4/11/1980
596,Consuelo,Baythrop,cbaythropgj@ehow.com,Female,98.68.170.36,9/19/1989
597,Akim,Tredget,atredgetgk@msu.edu,Male,148.109.189.77,4/22/1983
598,Drucie,Grisedale,dgrisedalegl@sciencedirect.com,Female,25.112.80.110,7/6/1985
599,Catriona,Brazelton,cbrazeltongm@arizona.edu,Female,249.246.202.127,10/30/2000
600,Hart,Hoston,hhostongn@liveinternet.ru,Male,74.154.82.104,12/21/1993
601,Dewain,Dearden,ddeardengo@netscape.com,Male,77.148.237.74,1/27/2000
602,Bryan,Pinchin,bpinchingp@cisco.com,Male,174.179.72.5,11/3/2006
603,Oralia,Proughten,oproughtengq@fc2.com,Female,165.197.88.231,7/3/1982
604,Marilyn,Eastment,meastmentgr@cnet.com,Female,168.15.87.100,6/10/1999
605,Darby,Baden,dbadengs@ucsd.edu,Male,113.59.82.57,3/7/1986
606,Salomi,Studdal,sstuddalgt@zimbio.com,Female,59.105.8.236,6/5/1990
607,Belia,Roast,broastgu@instagram.com,Female,136.128.246.202,1/7/1997
608,Mufinella,Abbado,mabbadogv@apple.com,Female,165.200.7.51,4/5/1979
609,Haze,Arrault,harraultgw@printfriendly.com,Male,57.9.49.47,10/4/1983
610,Muhammad,Marty,mmartygx@goo.gl,Male,201.43.218.170,4/23/1995
611,Ignazio,Yushankin,iyushankingy@xinhuanet.com,Male,18.82.201.93,12/17/1982
612,Ibrahim,Deppen,ideppengz@alexa.com,Male,15.193.114.26,11/3/2008
613,Auroora,Whyatt,awhyatth0@ftc.gov,Female,254.231.37.117,4/22/1998
614,Hammad,Pashby,hpashbyh1@moonfruit.com,Male,2.52.40.109,11/16/1979
615,Vilma,Reuben,vreubenh2@storify.com,Female,163.6.118.150,4/6/2000
616,Brandy,Rudiger,brudigerh3@parallels.com,Male,23.209.172.58,5/1/1987
617,Doris,Darbey,ddarbeyh4@xing.com,Female,153.177.47.187,11/29/1987
618,Merola,Terris,mterrish5@cafepress.com,Female,42.187.232.14,2/9/2009
619,Kristien,Becaris,kbecarish6@abc.net.au,Female,193.250.114.49,4/12/2004
620,Misha,Abramcik,mabramcikh7@sourceforge.net,Female,221.72.234.51,9/8/1998
621,Laureen,Tuberfield,ltuberfieldh8@samsung.com,Female,86.185.178.234,8/13/1986
622,Emory,Stares,estaresh9@dion.ne.jp,Male,243.86.137.45,12/16/1984
623,Davide,Villaron,dvillaronha@usatoday.com,Male,6.44.181.67,10/31/1985
624,Salomone,Ruddlesden,sruddlesdenhb@diigo.com,Male,141.84.206.127,5/20/1991
625,Leoine,Rowlstone,lrowlstonehc@yahoo.com,Female,118.219.112.172,3/17/1980
626,Celestyn,Davis,cdavishd@shareasale.com,Female,145.222.239.182,10/17/1985
627,Irene,Lube,ilubehe@shareasale.com,Female,63.53.216.4,8/9/2001
628,Udell,Yetman,uyetmanhf@va.gov,Male,174.82.183.100,5/7/2003
629,Sloane,Duding,sdudinghg@furl.net,Male,70.163.76.161,3/25/2008
630,Anton,Coger,acogerhh@gizmodo.com,Male,178.226.252.1,2/24/1997
631,Quintin,Toppas,qtoppashi@opera.com,Male,25.107.190.91,9/10/1983
632,Britney,Brum,bbrumhj@census.gov,Female,62.79.90.150,7/17/1988
633,Algernon,Ziebart,aziebarthk@livejournal.com,Male,34.49.60.38,8/1/1995
634,Jamesy,Sprankling,jspranklinghl@noaa.gov,Male,232.48.136.202,12/25/2008
635,Jenna,Braben,jbrabenhm@go.com,Female,173.185.47.229,12/18/2002
636,Lorita,Markie,lmarkiehn@uiuc.edu,Female,183.69.191.16,4/26/2008
637,Joice,Holt,jholtho@parallels.com,Female,148.10.185.30,7/29/1994
638,Alf,Kubecka,akubeckahp@jalbum.net,Male,196.113.78.216,5/22/1999
639,Rutledge,Traite,rtraitehq@wix.com,Male,139.186.34.244,10/23/1998
640,Darb,Gillott,dgillotthr@imageshack.us,Male,86.189.201.59,4/2/1985
641,Brooke,Rihanek,brihanekhs@ifeng.com,Male,253.163.162.236,7/18/1999
642,Dasie,Zohrer,dzohrerht@uiuc.edu,Female,116.59.133.57,12/7/1984
643,Netty,Poutress,npoutresshu@soundcloud.com,Female,165.32.217.144,12/20/1985
644,Kaye,Persence,kpersencehv@japanpost.jp,Female,202.23.11.109,6/5/2003
645,Ewart,Deneve,edenevehw@freewebs.com,Male,130.115.63.185,9/23/1996
646,Davey,Thews,dthewshx@jugem.jp,Male,157.251.92.75,1/26/1998
647,Neely,Tire,ntirehy@flavors.me,Female,128.79.38.139,4/12/1990
648,Lauralee,Riccetti,lriccettihz@cnet.com,Female,41.53.120.39,5/21/1984
649,Yul,Cosser,ycosseri0@tripadvisor.com,Male,19.198.106.178,10/4/1994
650,Mellicent,Collimore,mcollimorei1@mysql.com,Female,246.49.200.114,3/11/2008
651,Klaus,Stonall,kstonalli2@chronoengine.com,Male,100.234.40.178,10/17/1984
652,Cesare,Fortnum,cfortnumi3@apache.org,Male,137.211.121.202,6/18/1994
653,Lauralee,Meardon,lmeardoni4@google.es,Female,159.182.85.4,6/17/1998
654,Ermentrude,Jesty,ejestyi5@meetup.com,Female,203.117.11.251,12/13/2004
655,Rochette,Karlicek,rkarliceki6@devhub.com,Female,91.136.97.246,5/5/1983
656,Christin,Flaverty,cflavertyi7@google.co.jp,Female,65.136.13.85,6/29/1994
657,Michal,Jenkyn,mjenkyni8@intel.com,Male,254.4.117.38,11/24/1990
658,Claribel,Dourin,cdourini9@google.nl,Female,193.198.44.248,6/26/1997
659,Charisse,Bauldry,cbauldryia@sphinn.com,Female,141.12.236.124,11/12/1992
660,Wallis,Hedling,whedlingib@wired.com,Female,195.174.37.90,4/16/1988
661,Kirsteni,Markussen,kmarkussenic@howstuffworks.com,Female,147.227.241.123,9/14/2003
662,Mellie,Chipchase,mchipchaseid@taobao.com,Female,73.175.51.108,8/25/1992
663,Natividad,Storry,nstorryie@samsung.com,Female,120.2.217.85,12/5/2002
664,Loralee,Kinzel,lkinzelif@latimes.com,Female,42.117.209.182,7/30/2004
665,Del,Dabourne,ddabourneig@wisc.edu,Male,198.146.124.246,8/18/1990
666,Archibold,Lorant,alorantih@merriam-webster.com,Male,112.249.151.128,3/22/2009
667,Ajay,Junifer,ajuniferii@alexa.com,Female,60.160.143.203,3/10/2006
668,Bevon,Coleborn,bcolebornij@google.ca,Male,197.142.6.131,10/19/1994
669,Elvin,Cortes,ecortesik@theglobeandmail.com,Male,238.165.67.68,1/30/2009
670,Jacquelynn,Bew,jbewil@buzzfeed.com,Female,139.179.189.122,7/3/1987
671,Reidar,Fantone,rfantoneim@mapy.cz,Male,167.181.183.0,2/27/1992
672,Ody,Gainsburgh,ogainsburghin@cornell.edu,Male,169.34.101.190,7/2/1989
673,Madlin,Doubleday,mdoubledayio@businessweek.com,Female,97.17.97.16,12/6/1996
674,Charyl,Fortescue,cfortescueip@technorati.com,Female,194.68.72.114,10/6/1988
675,Ailis,Fewings,afewingsiq@webmd.com,Female,49.161.101.237,7/28/1993
676,Tedman,Sicily,tsicilyir@scribd.com,Male,182.130.29.122,4/26/2002
677,Laurella,Leades,lleadesis@edublogs.org,Female,147.201.108.99,8/26/1980
678,Coleman,Coronado,ccoronadoit@fema.gov,Male,151.95.44.97,6/28/2006
679,Rutter,Sibbald,rsibbaldiu@dell.com,Male,35.9.175.159,4/6/1996
680,Newton,Faithfull,nfaithfulliv@thetimes.co.uk,Male,163.87.191.74,9/22/1997
681,Cass,Warr,cwarriw@oaic.gov.au,Male,142.113.89.20,3/30/1988
682,Giuseppe,MacInherney,gmacinherneyix@japanpost.jp,Male,247.86.234.40,12/2/2000
683,Sindee,MacGillivray,smacgillivrayiy@discuz.net,Female,125.193.247.138,1/18/2004
684,Vidovik,Finlason,vfinlasoniz@de.vu,Male,58.253.16.252,5/21/1989
685,Stinky,Dreier,sdreierj0@hhs.gov,Male,80.177.11.107,4/29/1998
686,Shena,Loveland,slovelandj1@nytimes.com,Female,71.44.224.25,9/7/2002
687,Laverne,Jedraszek,ljedraszekj2@drupal.org,Female,48.251.79.27,8/5/1992
688,Aeriela,Rosebotham,arosebothamj3@google.ca,Female,252.246.24.241,7/14/2002
689,Saunderson,Krates,skratesj4@joomla.org,Male,4.195.87.118,6/26/1984
690,Egor,Hudleston,ehudlestonj5@chronoengine.com,Male,66.47.65.105,7/25/1986
691,Rourke,Pimme,rpimmej6@merriam-webster.com,Male,80.232.239.82,9/14/2000
692,Jo,Hegg,jheggj7@geocities.jp,Male,219.114.1.245,1/3/1983
693,Tani,Dampier,tdampierj8@cisco.com,Female,59.85.221.22,2/1/1995
694,Monro,Jirousek,mjirousekj9@stumbleupon.com,Male,42.24.192.190,4/3/2005
695,Latashia,Achurch,lachurchja@phpbb.com,Female,68.144.66.133,5/12/1986
696,Denyse,Bartel,dbarteljb@free.fr,Female,20.245.219.40,1/20/1985
697,Millisent,Franzotto,mfranzottojc@mayoclinic.com,Female,146.195.159.55,7/26/1991
698,Job,Wilkes,jwilkesjd@networksolutions.com,Male,48.141.126.213,1/4/1981
699,Normie,Daber,ndaberje@histats.com,Male,47.244.69.94,7/28/1993
700,Elfreda,Bruyns,ebruynsjf@hexun.com,Female,7.250.69.86,9/16/1999
701,Calla,Doul,cdouljg@hp.com,Female,209.232.39.99,12/10/2004
702,Jacky,Canacott,jcanacottjh@disqus.com,Female,119.35.240.137,10/25/1987
703,Nolana,Baskerfield,nbaskerfieldji@godaddy.com,Female,213.38.77.7,9/20/2000
704,Oliy,Hawkswood,ohawkswoodjj@sciencedirect.com,Female,1.95.1.61,2/19/1998
705,Bevvy,Okell,bokelljk@chron.com,Female,98.238.201.70,1/16/2000
706,Harli,Camellini,hcamellinijl@yellowpages.com,Female,95.154.170.47,10/15/1999
707,Idalia,Tumbridge,itumbridgejm@aboutads.info,Female,185.135.245.136,10/16/1988
708,Bondie,Dunsmore,bdunsmorejn@amazon.com,Male,54.119.83.157,9/5/1988
709,Crystie,Warratt,cwarrattjo@xing.com,Female,61.220.29.53,9/3/2006
710,Valenka,Matley,vmatleyjp@sourceforge.net,Female,125.32.23.22,4/5/2002
711,Emlen,Hanrahan,ehanrahanjq@de.vu,Male,12.69.163.252,12/20/1988
712,Hank,Aggas,haggasjr@smugmug.com,Male,33.244.47.63,12/9/1995
713,Matilda,Willgrass,mwillgrassjs@mlb.com,Female,140.239.119.76,12/25/2007
714,Armstrong,Ashplant,aashplantjt@gov.uk,Male,31.164.109.68,8/18/1979
715,Johannah,Houlson,jhoulsonju@howstuffworks.com,Female,136.48.211.64,8/24/2003
716,Fawne,Mallebone,fmallebonejv@cam.ac.uk,Female,109.239.123.236,6/16/2008
717,Klemens,Cowpe,kcowpejw@homestead.com,Male,50.105.116.84,10/25/1991
718,Cornie,Berr,cberrjx@biglobe.ne.jp,Female,45.59.188.61,1/9/1991
719,Galen,Handscomb,ghandscombjy@aboutads.info,Male,151.139.182.189,7/4/2006
720,Cristen,Passe,cpassejz@gnu.org,Female,227.160.213.64,4/28/1992
721,Joanna,Luker,jlukerk0@free.fr,Female,7.249.80.179,2/22/1991
722,Bride,Child,bchildk1@tumblr.com,Female,97.83.141.68,7/10/1988
723,Carlen,Dungate,cdungatek2@ed.gov,Female,76.239.132.232,3/19/1997
724,Velvet,Jeannin,vjeannink3@goo.gl,Female,19.149.165.216,3/15/2000
725,Keelby,Hunnam,khunnamk4@ucoz.com,Male,121.75.171.162,4/18/2008
726,Clemmie,Jozef,cjozefk5@ihg.com,Female,97.167.194.251,8/14/1981
727,Wendell,Van Velde,wvanveldek6@privacy.gov.au,Male,190.201.22.125,7/6/2003
728,Glad,Gile,ggilek7@fastcompany.com,Female,65.18.153.246,5/6/1995
729,Monti,Burkett,mburkettk8@ucoz.ru,Male,205.74.109.254,2/20/1994
730,Yolande,Lauthian,ylauthiank9@sun.com,Female,87.20.59.5,5/20/1983
731,Dreddy,Slaughter,dslaughterka@soundcloud.com,Female,218.153.124.74,9/4/2005
732,Anne,Crowdace,acrowdacekb@angelfire.com,Female,176.66.95.167,11/19/1984
733,Florella,Tumasian,ftumasiankc@wisc.edu,Female,16.16.45.146,7/19/1984
734,Fanechka,Nottingham,fnottinghamkd@google.es,Female,244.34.17.50,7/30/1996
735,Dyane,Huston,dhustonke@gravatar.com,Female,125.92.246.177,7/26/1992
736,Quincy,Webling,qweblingkf@last.fm,Male,100.239.66.29,1/13/1987
737,Brigit,Grigorescu,bgrigorescukg@cbc.ca,Female,192.14.164.159,8/10/2008
738,Lissy,Zelner,lzelnerkh@nationalgeographic.com,Female,20.115.43.63,3/7/2004
739,Teressa,Vick,tvickki@oracle.com,Female,149.11.248.234,5/18/1983
740,Flori,Bellew,fbellewkj@mozilla.com,Female,42.186.22.53,7/7/1989
741,Adriane,Coulman,acoulmankk@gov.uk,Female,148.254.194.247,1/7/1998
742,Bonnibelle,McKennan,bmckennankl@fc2.com,Female,251.44.164.120,6/22/1982
743,Fair,Sapsed,fsapsedkm@tripod.com,Male,183.188.56.112,5/8/1980
744,Dredi,Goding,dgodingkn@acquirethisname.com,Female,72.60.254.136,1/4/2001
745,Izaak,Elcock,ielcockko@studiopress.com,Male,229.107.147.73,2/21/1987
746,Iggy,Dudson,idudsonkp@ameblo.jp,Male,34.48.33.95,4/2/2000
747,Aeriel,Scini,ascinikq@deliciousdays.com,Female,211.68.44.123,7/10/1980
748,Thibaud,Tolomio,ttolomiokr@123-reg.co.uk,Male,200.218.232.11,8/5/2008
749,Leda,Mecozzi,lmecozziks@virginia.edu,Female,85.223.57.43,2/3/2007
750,Ardys,Bootman,abootmankt@sbwire.com,Female,56.138.117.205,12/31/2006
751,Frederigo,Dallas,fdallasku@dell.com,Male,82.184.59.71,11/9/2006
752,Amalle,Metzel,ametzelkv@vk.com,Female,78.161.193.245,1/20/1994
753,Stanislaw,Kinker,skinkerkw@clickbank.net,Male,53.181.105.212,12/22/2003
754,Glennie,Bronot,gbronotkx@fastcompany.com,Female,21.221.226.3,11/25/1989
755,Tirrell,Tutill,ttutillky@va.gov,Male,114.82.145.210,7/30/2007
756,Addison,Mattussevich,amattussevichkz@gnu.org,Male,114.167.195.201,4/18/1980
757,Consalve,Sego,csegol0@businessweek.com,Male,83.45.27.163,8/12/1995
758,Darda,Ingarfield,dingarfieldl1@bloglovin.com,Female,38.152.201.60,4/5/1981
759,Bill,Baytrop,bbaytropl2@nhs.uk,Male,29.171.38.60,4/29/2003
760,Arne,Gettins,agettinsl3@lulu.com,Male,61.88.23.211,10/5/1985
761,Juliet,Gambie,jgambiel4@cbslocal.com,Female,62.122.53.76,6/27/1989
762,Gustavo,Boxen,gboxenl5@reference.com,Male,0.80.219.82,5/12/1985
763,Emyle,Baudins,ebaudinsl6@howstuffworks.com,Female,19.94.17.189,2/26/1985
764,Elihu,MacDonough,emacdonoughl7@purevolume.com,Male,57.206.100.202,3/4/1994
765,Julianne,Sherwyn,jsherwynl8@dropbox.com,Female,54.244.77.78,10/7/1994
766,Lenee,MacAdam,lmacadaml9@t.co,Female,191.180.68.237,5/3/1998
767,Beverley,Scopham,bscophamla@washington.edu,Female,74.22.231.217,3/16/1988
768,Marthena,Roset,mrosetlb@google.cn,Female,26.16.201.57,10/17/2005
769,Ella,Fancutt,efancuttlc@weibo.com,Female,166.158.247.185,9/16/2003
770,Cinnamon,Reddish,creddishld@google.co.jp,Female,152.106.215.251,3/3/1999
771,Danit,Been,dbeenle@opera.com,Female,206.63.28.27,11/6/1991
772,Radcliffe,Funcheon,rfuncheonlf@dailymotion.com,Male,122.100.95.128,4/27/2006
773,Cristie,Ankers,cankerslg@zdnet.com,Female,237.185.100.68,11/14/1990
774,Jennica,Crampton,jcramptonlh@paypal.com,Female,111.42.181.167,5/3/1992
775,Grove,Deniseau,gdeniseauli@accuweather.com,Male,3.205.157.26,1/2/1982
776,Fran,Bendson,fbendsonlj@dailymotion.com,Female,21.249.67.175,8/20/1991
777,Deedee,Habbeshaw,dhabbeshawlk@csmonitor.com,Female,165.248.111.112,6/5/1981
778,Winona,Quarrie,wquarriell@nba.com,Female,204.249.72.220,4/10/1998
779,Christel,Bligh,cblighlm@naver.com,Female,62.132.21.196,3/15/2005
780,Jorgan,Lukas,jlukasln@usatoday.com,Male,185.156.177.150,2/12/2006
781,Caesar,Treace,ctreacelo@mayoclinic.com,Male,67.119.159.111,2/4/2007
782,Pat,Gowry,pgowrylp@pagesperso-orange.fr,Female,90.50.63.87,8/28/1985
783,Tani,Annakin,tannakinlq@weebly.com,Female,90.24.98.246,6/23/1990
784,Land,Sherwen,lsherwenlr@devhub.com,Male,82.172.223.128,5/16/1984
785,Lynsey,Brugden,lbrugdenls@google.fr,Female,189.19.209.205,3/25/1980
786,Elsbeth,Fearnsides,efearnsideslt@angelfire.com,Female,133.97.149.196,8/10/2006
787,Waldo,Gamage,wgamagelu@csmonitor.com,Male,147.214.123.79,2/12/2006
788,Alexis,Rallin,arallinlv@blogspot.com,Female,144.46.27.82,9/9/2008
789,Lyn,Tixall,ltixalllw@flavors.me,Male,112.148.61.98,12/30/1989
790,Samson,Boyson,sboysonlx@1688.com,Male,164.195.17.143,8/26/1997
791,Babbette,Le Bosse,blebossely@cocolog-nifty.com,Female,249.51.2.98,2/9/1995
792,Helenka,Duffield,hduffieldlz@usda.gov,Female,30.127.161.140,11/18/2003
793,Mirna,Skipping,mskippingm0@devhub.com,Female,109.229.4.177,4/19/1998
794,Myrlene,Hardy,mhardym1@cnet.com,Female,1.120.208.243,10/24/1982
795,Chery,Cavaney,ccavaneym2@de.vu,Female,163.41.225.119,1/19/1981
796,Chandler,Tenwick,ctenwickm3@kickstarter.com,Male,103.57.119.11,1/19/2009
797,Olivier,Easterling,oeasterlingm4@weebly.com,Male,170.183.195.9,12/13/1999
798,Garrott,Santarelli,gsantarellim5@is.gd,Male,159.193.82.166,7/26/2006
799,Jacqueline,Baddoe,jbaddoem6@utexas.edu,Female,98.208.29.101,12/12/1990
800,Avram,Stanyard,astanyardm7@oaic.gov.au,Male,107.77.57.33,10/27/1998
801,Inglis,Holleworth,iholleworthm8@nationalgeographic.com,Male,227.163.135.151,7/23/1987
802,Kristel,Beeching,kbeechingm9@chron.com,Female,204.101.82.137,3/31/2004
803,Gabi,Duguid,gduguidma@pinterest.com,Male,209.64.248.122,5/15/1993
804,Winnie,Robjents,wrobjentsmb@hc360.com,Female,132.112.148.192,12/5/1981
805,Barbabas,Pepin,bpepinmc@apache.org,Male,243.198.74.124,6/30/2000
806,Amalita,Bernhardi,abernhardimd@wufoo.com,Female,205.111.18.105,7/30/1996
807,Amargo,Mitchenson,amitchensonme@ocn.ne.jp,Female,111.18.33.69,3/8/2004
808,Reynold,Thurlbourne,rthurlbournemf@foxnews.com,Male,75.146.253.32,11/23/1991
809,Valdemar,De Coursey,vdecourseymg@dagondesign.com,Male,155.160.128.206,7/12/1982
810,Colet,Eacle,ceaclemh@who.int,Male,108.8.117.67,9/28/2007
811,Heath,Ingall,hingallmi@sogou.com,Male,106.228.115.93,11/22/1997
812,Hodge,Devo,hdevomj@ca.gov,Male,10.101.102.157,6/18/1995
813,Mela,Hawkins,mhawkinsmk@buzzfeed.com,Female,83.126.237.39,2/28/1981
814,Cooper,Bockings,cbockingsml@shareasale.com,Male,115.102.180.218,4/15/1988
815,Hatty,Jotham,hjothammm@fda.gov,Female,136.76.180.249,2/5/1993
816,Hedwiga,Grishelyov,hgrishelyovmn@engadget.com,Female,186.57.197.168,8/8/1981
817,Prentice,Twinborough,ptwinboroughmo@smugmug.com,Male,41.170.140.19,4/4/1987
818,Adelice,Stickells,astickellsmp@mozilla.org,Female,226.69.92.172,11/28/1982
819,Quentin,Henriksson,qhenrikssonmq@wufoo.com,Male,85.176.192.133,6/4/2000
820,Susann,Chattaway,schattawaymr@accuweather.com,Female,64.13.183.35,4/30/1995
821,Albertine,Fealey,afealeyms@jalbum.net,Female,218.253.2.202,9/26/1989
822,Stu,Van der Kruis,svanderkruismt@msn.com,Male,40.108.127.36,7/14/2000
823,Foss,Extill,fextillmu@nature.com,Male,167.90.36.190,1/17/1986
824,Cordey,Feasley,cfeasleymv@amazon.com,Female,6.46.10.102,1/17/1983
825,Alexandrina,Romney,aromneymw@epa.gov,Female,46.190.66.30,12/11/1990
826,Kattie,Gwillyam,kgwillyammx@samsung.com,Female,25.28.199.232,10/19/1986
827,Brnaby,Huie,bhuiemy@google.pl,Male,63.26.28.66,9/17/1986
828,Adolphus,Binnall,abinnallmz@weibo.com,Male,126.99.193.185,1/13/2001
829,Juan,Wabersich,jwabersichn0@altervista.org,Male,190.40.52.111,11/14/2004
830,Filberte,Waddam,fwaddamn1@engadget.com,Male,130.118.135.207,8/2/1996
831,Babita,Duckers,bduckersn2@npr.org,Female,248.188.113.129,10/14/1979
832,Poul,Puckham,ppuckhamn3@lycos.com,Male,226.91.221.161,8/17/1981
833,Tommie,Marcq,tmarcqn4@cocolog-nifty.com,Male,112.145.94.207,12/11/1995
834,Corny,Silman,csilmann5@google.nl,Male,253.31.21.80,7/30/1983
835,Hamil,Hathwood,hhathwoodn6@si.edu,Male,212.182.7.226,1/4/1983
836,Bethina,Mogridge,bmogridgen7@goo.gl,Female,155.26.46.238,9/30/2003
837,Celestia,Gendricke,cgendricken8@flavors.me,Female,72.50.100.63,1/4/1994
838,Ulla,Storrie,ustorrien9@angelfire.com,Female,105.136.94.52,12/31/1998
839,Thorn,Newark,tnewarkna@latimes.com,Male,87.144.225.0,1/31/1997
840,Mayne,Suart,msuartnb@domainmarket.com,Male,63.71.72.211,4/14/1980
841,Feodora,Jillings,fjillingsnc@free.fr,Female,84.41.83.237,9/23/2007
842,Cheryl,Sigars,csigarsnd@independent.co.uk,Female,159.135.137.95,6/19/2000
843,Gwenore,McIlwaine,gmcilwainene@unc.edu,Female,30.54.192.162,11/1/2007
844,Guendolen,Casterou,gcasterounf@reuters.com,Female,247.83.31.40,3/13/1989
845,Lorin,Baugh,lbaughng@gmpg.org,Male,233.243.158.137,5/6/1999
846,Lenci,Simao,lsimaonh@engadget.com,Male,149.148.153.170,3/26/1986
847,Stevy,Mc Curlye,smccurlyeni@wikipedia.org,Male,110.112.67.217,8/12/1987
848,York,McVicar,ymcvicarnj@sohu.com,Male,129.208.132.122,6/5/2005
849,Deeyn,Applewhite,dapplewhitenk@nature.com,Female,63.171.144.233,2/16/1981
850,Derrik,Beentjes,dbeentjesnl@yelp.com,Male,97.190.254.75,2/13/2008
851,Luciano,Paike,lpaikenm@theatlantic.com,Male,15.101.106.61,1/10/1998
852,Levin,Sumption,lsumptionnn@yellowbook.com,Male,26.143.45.90,3/12/1986
853,Martin,Pedrocchi,mpedrocchino@huffingtonpost.com,Male,88.64.68.133,7/6/2007
854,Farah,McRory,fmcrorynp@ycombinator.com,Female,122.137.12.108,5/17/2007
855,Valery,Eede,veedenq@last.fm,Female,88.56.131.37,4/24/1992
856,Pauly,Keohane,pkeohanenr@cyberchimps.com,Female,232.27.89.218,2/14/1986
857,Tito,Firebrace,tfirebracens@github.io,Male,191.161.194.61,9/24/1999
858,Robbie,Irving,rirvingnt@google.es,Female,121.54.168.43,4/7/1979
859,Roanna,MacNaughton,rmacnaughtonnu@xing.com,Female,84.0.3.25,10/29/2008
860,Kerwin,Noye,knoyenv@mediafire.com,Male,214.116.73.199,12/28/1994
861,Vern,Stelfox,vstelfoxnw@samsung.com,Male,146.175.235.8,6/27/2005
862,Janna,Duffitt,jduffittnx@joomla.org,Female,17.161.92.162,1/7/1992
863,Gauthier,Hardistry,ghardistryny@soup.io,Male,44.224.224.162,2/24/1991
864,Roch,Lates,rlatesnz@drupal.org,Female,35.70.251.218,11/29/1995
865,Kin,Akram,kakramo0@usatoday.com,Male,111.67.1.201,2/4/1999
866,Gregg,Kencott,gkencotto1@chicagotribune.com,Male,102.142.44.96,4/4/2007
867,Gunther,Monte,gmonteo2@privacy.gov.au,Male,221.195.147.255,5/25/1980
868,Christalle,O' Reagan,coreagano3@parallels.com,Female,33.127.14.161,5/4/1993
869,Hayes,Hardingham,hhardinghamo4@timesonline.co.uk,Male,73.23.104.182,2/13/1988
870,Briny,Hopkins,bhopkinso5@cdbaby.com,Female,141.126.238.205,9/13/1992
871,Graham,Braunlein,gbraunleino6@mac.com,Male,124.10.225.190,7/9/1986
872,Friedrich,Liddard,fliddardo7@cocolog-nifty.com,Male,217.244.81.26,11/10/1991
873,Blancha,Elfes,belfeso8@skyrock.com,Female,200.155.189.52,12/30/1985
874,Conrado,Hallbord,challbordo9@umich.edu,Male,71.190.239.164,8/8/2000
875,Gard,Oman,gomanoa@examiner.com,Male,170.31.83.110,9/15/1981
876,Sonni,Lefeuvre,slefeuvreob@ibm.com,Female,165.233.63.109,6/2/1987
877,Sawyer,Selburn,sselburnoc@zimbio.com,Male,33.201.133.20,5/17/1979
878,Gare,Ashborne,gashborneod@dedecms.com,Male,146.87.100.169,7/13/1989
879,Abdel,MacArthur,amacarthuroe@chron.com,Male,56.108.0.79,8/5/1982
880,Fallon,Predohl,fpredohlof@toplist.cz,Female,215.216.72.190,3/2/1989
881,Janette,Hamer,jhamerog@netlog.com,Female,173.210.193.188,4/11/1993
882,Darb,Fonzone,dfonzoneoh@opera.com,Female,37.110.198.190,11/6/1992
883,Jakob,Jurisch,jjurischoi@chron.com,Male,85.131.178.95,12/23/1985
884,Lucinda,Roget,lrogetoj@ebay.com,Female,56.235.66.186,11/22/1993
885,Abagail,Whitwood,awhitwoodok@umn.edu,Female,168.62.179.211,5/7/1991
886,Yolanda,Vango,yvangool@senate.gov,Female,196.241.183.108,6/19/1992
887,Kessia,Prisk,kpriskom@cocolog-nifty.com,Female,197.129.133.137,2/10/1985
888,Ethelred,Lemmanbie,elemmanbieon@stumbleupon.com,Male,27.116.255.184,3/12/1991
889,Natty,Chestle,nchestleoo@unicef.org,Female,12.156.107.169,10/3/1979
890,Shepperd,Banks,sbanksop@tumblr.com,Male,82.219.204.161,7/26/2005
891,Daria,Rodmell,drodmelloq@umn.edu,Female,29.216.196.162,10/29/1979
892,Doralynne,Leupoldt,dleupoldtor@instagram.com,Female,195.62.163.99,12/24/1979
893,Margi,Stanion,mstanionos@bloglines.com,Female,29.147.133.252,5/14/1979
894,Orton,Woffinden,owoffindenot@163.com,Male,177.56.123.11,3/20/1985
895,Nana,Outibridge,noutibridgeou@irs.gov,Female,1.145.217.127,10/26/1993
896,Jillie,Thoms,jthomsov@dot.gov,Female,142.233.103.253,4/7/1993
897,Rudd,Duncklee,rdunckleeow@google.es,Male,147.119.69.183,11/25/1986
898,Evita,Yea,eyeaox@arizona.edu,Female,229.160.103.182,1/18/2000
899,Sara-ann,Macak,smacakoy@hhs.gov,Female,28.221.186.180,5/24/2000
900,Hughie,Lenham,hlenhamoz@squarespace.com,Male,11.232.73.64,5/20/1981
901,Quinton,Aloshechkin,qaloshechkinp0@barnesandnoble.com,Male,65.174.91.4,5/21/1980
902,Ezri,Standley,estandleyp1@360.cn,Male,242.222.173.228,8/19/2000
903,Joycelin,Duhig,jduhigp2@si.edu,Female,51.86.246.176,2/21/2000
904,Ryon,Wegner,rwegnerp3@yolasite.com,Male,227.105.121.87,11/9/1984
905,Wilfred,Knewstubb,wknewstubbp4@pinterest.com,Male,227.66.146.29,4/23/2001
906,Tait,Moss,tmossp5@mac.com,Male,87.71.12.15,4/28/1987
907,Bobby,Hawes,bhawesp6@sphinn.com,Female,253.91.87.71,10/15/1997
908,Melantha,Iannuzzi,miannuzzip7@amazonaws.com,Female,204.160.107.201,1/3/1982
909,Broderic,Melendez,bmelendezp8@lycos.com,Male,128.94.163.20,10/26/2002
910,Bern,Bembrigg,bbembriggp9@alexa.com,Male,136.123.113.176,1/10/1992
911,Raff,Goldup,rgolduppa@about.me,Male,241.1.79.220,12/20/1987
912,Darby,Sexstone,dsexstonepb@rakuten.co.jp,Male,173.233.97.16,6/9/1979
913,Turner,Olyfant,tolyfantpc@washingtonpost.com,Male,170.44.63.220,8/31/1987
914,Daveen,Reddy,dreddypd@discuz.net,Female,167.85.18.191,10/17/1989
915,Birk,Osanne,bosannepe@yellowpages.com,Male,132.155.206.35,10/4/1982
916,Brant,Hammelberg,bhammelbergpf@nydailynews.com,Male,117.1.124.164,5/12/1992
917,Donnamarie,Neller,dnellerpg@linkedin.com,Female,38.106.94.167,10/14/1981
918,Alexi,Cambridge,acambridgeph@shutterfly.com,Female,155.139.1.176,10/3/2008
919,Conrad,Blackbourn,cblackbournpi@dedecms.com,Male,222.209.59.150,11/3/1989
920,Ericka,O'Crotty,eocrottypj@vistaprint.com,Female,120.98.153.57,3/6/1990
921,Sabra,Downing,sdowningpk@cornell.edu,Female,181.163.30.87,10/9/1989
922,Mata,Rowes,mrowespl@businessweek.com,Male,57.70.214.43,4/11/1981
923,Patsy,MacConnulty,pmacconnultypm@csmonitor.com,Male,165.184.196.157,1/10/1980
924,Currey,Guerreiro,cguerreiropn@eventbrite.com,Male,103.28.116.128,4/15/1984
925,Peg,Matura,pmaturapo@auda.org.au,Female,152.34.136.208,11/3/1988
926,Karna,Thirst,kthirstpp@shinystat.com,Female,75.137.245.196,11/27/2006
927,Farlee,Ellar,fellarpq@purevolume.com,Male,172.54.122.35,9/4/2003
928,Faustina,Tapenden,ftapendenpr@addtoany.com,Female,123.115.153.207,6/18/1985
929,Mella,Jaszczak,mjaszczakps@wiley.com,Female,119.5.105.127,7/6/1981
930,Sanders,Barhem,sbarhempt@wikispaces.com,Male,36.40.166.102,10/12/2003
931,Constantin,Raybould,craybouldpu@trellian.com,Male,209.240.199.221,7/11/1991
932,Wait,Granville,wgranvillepv@oakley.com,Male,203.77.132.187,10/9/1986
933,Randy,Druitt,rdruittpw@histats.com,Male,4.123.1.44,8/30/1995
934,Kittie,Presnail,kpresnailpx@taobao.com,Female,100.106.86.99,8/15/2003
935,Petey,Leverage,pleveragepy@adobe.com,Male,124.34.37.203,9/30/1998
936,Lauren,Viel,lvielpz@thetimes.co.uk,Male,26.242.198.73,11/6/2004
937,Benedikt,Stuckow,bstuckowq0@purevolume.com,Male,86.87.153.60,12/29/1986
938,Tome,Marzele,tmarzeleq1@yolasite.com,Male,214.119.109.152,11/21/2005
939,Clovis,Peddel,cpeddelq2@discovery.com,Female,223.224.193.124,4/28/1993
940,Derward,Umpleby,dumplebyq3@ebay.com,Male,128.47.158.43,10/29/2003
941,Tiphany,Waggett,twaggettq4@loc.gov,Female,223.25.111.99,2/5/2005
942,Augy,Subhan,asubhanq5@statcounter.com,Male,196.241.85.75,9/23/1993
943,Norine,Wimmer,nwimmerq6@biglobe.ne.jp,Female,13.131.72.246,3/12/1995
944,Nichole,Attfield,nattfieldq7@prweb.com,Male,18.185.101.150,7/30/1998
945,Hervey,Annett,hannettq8@over-blog.com,Male,88.207.93.141,5/20/1984
946,Pierce,Northcliffe,pnorthcliffeq9@cmu.edu,Male,221.225.100.38,3/3/1994
947,Dareen,Sandell,dsandellqa@dailymotion.com,Female,236.158.206.151,12/12/2003
948,Brooke,Brigge,bbriggeqb@mashable.com,Female,238.127.189.242,5/6/1988
949,Ottilie,Honisch,ohonischqc@fda.gov,Female,1.21.99.203,5/26/2001
950,Gus,Lockett,glockettqd@illinois.edu,Male,80.70.180.225,8/9/1988
951,Odele,Ingledew,oingledewqe@ifeng.com,Female,24.40.173.129,4/14/1992
952,Filberte,Mew,fmewqf@umn.edu,Male,200.31.20.200,10/8/1990
953,Addi,Elsmor,aelsmorqg@theguardian.com,Female,13.173.100.136,11/22/2007
954,Finlay,Leibold,fleiboldqh@craigslist.org,Male,183.7.186.14,5/25/1984
955,Auria,Giacoboni,agiacoboniqi@usatoday.com,Female,208.41.78.149,6/14/1998
956,Abbye,Gillott,agillottqj@51.la,Female,116.196.105.180,1/17/1995
957,Peter,Poure,ppoureqk@illinois.edu,Male,221.100.121.174,7/27/1993
958,Esmeralda,Whilde,ewhildeql@shareasale.com,Female,65.5.93.224,2/4/1991
959,Tawsha,Shiels,tshielsqm@gov.uk,Female,168.167.14.8,5/8/1999
960,Devan,Cork,dcorkqn@mtv.com,Female,201.45.170.39,9/9/1998
961,Dorita,Goodhand,dgoodhandqo@buzzfeed.com,Female,2.105.44.155,5/19/2001
962,Jim,Bengtsson,jbengtssonqp@mysql.com,Male,229.36.213.34,6/27/2001
963,Edita,Raisbeck,eraisbeckqq@ed.gov,Female,119.70.129.157,2/25/1999
964,Matilda,Brumble,mbrumbleqr@wunderground.com,Female,59.21.24.174,2/15/2004
965,Matthieu,Shapero,mshaperoqs@furl.net,Male,240.77.30.211,10/11/2000
966,Dimitri,Baiyle,dbaiyleqt@qq.com,Male,181.190.49.147,5/29/1999
967,Micah,O'Corrane,mocorranequ@mapy.cz,Male,30.23.35.19,5/5/1998
968,Nolly,McLaine,nmclaineqv@wisc.edu,Male,136.225.25.152,7/27/2003
969,Vick,Rzehor,vrzehorqw@fastcompany.com,Male,126.23.160.225,5/5/1988
970,Arlen,Schinetti,aschinettiqx@spotify.com,Female,223.33.249.84,8/29/1988
971,Bel,Pues,bpuesqy@google.es,Female,253.237.228.106,11/26/1983
972,Harley,Blayd,hblaydqz@twitter.com,Female,201.189.34.121,10/24/1996
973,Philis,Rubinovitch,prubinovitchr0@wikimedia.org,Female,118.216.242.45,7/9/1985
974,Patrice,Kelsow,pkelsowr1@com.com,Male,218.70.63.217,10/6/1990
975,Burton,Stearley,bstearleyr2@fastcompany.com,Male,117.177.42.18,7/21/2004
976,Ertha,Agent,eagentr3@studiopress.com,Female,186.82.197.165,11/7/1989
977,Sawyer,Eykelbosch,seykelboschr4@businesswire.com,Male,26.116.121.183,11/23/2000
978,Erek,Deviney,edevineyr5@google.co.uk,Male,189.215.54.51,2/28/1997
979,Boris,Gillson,bgillsonr6@answers.com,Male,200.75.241.245,9/11/2007
980,Clare,Gutcher,cgutcherr7@wsj.com,Female,72.62.76.37,1/28/1985
981,Sayres,Martino,smartinor8@com.com,Male,246.176.231.42,6/8/1992
982,Consolata,Habgood,chabgoodr9@behance.net,Female,5.191.116.15,3/19/2003
983,Cairistiona,Lerven,clervenra@fema.gov,Female,72.62.76.127,5/11/1999
984,Avrom,Iddison,aiddisonrb@wikimedia.org,Male,106.69.105.236,6/17/2000
985,Angelika,Getcliff,agetcliffrc@aboutads.info,Female,32.211.174.27,12/2/1992
986,Armand,Turville,aturvillerd@example.com,Male,211.205.237.102,8/29/1981
987,Tiphany,Leckenby,tleckenbyre@weebly.com,Female,196.16.172.20,5/19/2002
988,Dierdre,Leechman,dleechmanrf@gravatar.com,Female,253.9.78.214,10/24/2000
989,Flin,Paggitt,fpaggittrg@redcross.org,Male,236.152.154.224,7/31/1982
990,Briney,Lawman,blawmanrh@salon.com,Female,194.202.28.233,8/25/1997
991,Cole,Burkhill,cburkhillri@etsy.com,Male,143.149.47.93,7/12/2005
992,Saundra,Pigrome,spigromerj@bbb.org,Female,73.34.136.229,3/23/1983
993,Curcio,Benford,cbenfordrk@furl.net,Male,84.52.40.110,7/27/1992
994,Galvin,Silburn,gsilburnrl@yandex.ru,Male,170.15.21.129,12/31/1982
995,Melba,Bootyman,mbootymanrm@yellowbook.com,Female,62.192.167.215,9/5/2005
996,Barnie,Mudge,bmudgern@marketwatch.com,Male,249.38.48.38,5/23/2000
997,Jordon,Shoubridge,jshoubridgero@patch.com,Male,40.44.75.79,7/10/2000
998,Kennan,Giacobbo,kgiacobborp@bbc.co.uk,Male,35.223.6.30,7/2/2007
999,Karie,Pettwood,kpettwoodrq@latimes.com,Female,222.168.241.109,4/17/2006
1000,Dorthea,Ingarfield,dingarfieldrr@mashable.com,Female,185.123.98.116,12/3/1990

